CREATE DATABASE  IF NOT EXISTS `mtrphdb` /*!40100 DEFAULT CHARACTER SET utf8mb4 COLLATE utf8mb4_general_ci */ /*!80016 DEFAULT ENCRYPTION='N' */;
USE `mtrphdb`;
-- MySQL dump 10.13  Distrib 8.0.42, for Win64 (x86_64)
--
-- Host: localhost    Database: mtrphdb
-- ------------------------------------------------------
-- Server version	8.0.42

/*!40101 SET @OLD_CHARACTER_SET_CLIENT=@@CHARACTER_SET_CLIENT */;
/*!40101 SET @OLD_CHARACTER_SET_RESULTS=@@CHARACTER_SET_RESULTS */;
/*!40101 SET @OLD_COLLATION_CONNECTION=@@COLLATION_CONNECTION */;
/*!50503 SET NAMES utf8 */;
/*!40103 SET @OLD_TIME_ZONE=@@TIME_ZONE */;
/*!40103 SET TIME_ZONE='+00:00' */;
/*!40014 SET @OLD_UNIQUE_CHECKS=@@UNIQUE_CHECKS, UNIQUE_CHECKS=0 */;
/*!40014 SET @OLD_FOREIGN_KEY_CHECKS=@@FOREIGN_KEY_CHECKS, FOREIGN_KEY_CHECKS=0 */;
/*!40101 SET @OLD_SQL_MODE=@@SQL_MODE, SQL_MODE='NO_AUTO_VALUE_ON_ZERO' */;
/*!40111 SET @OLD_SQL_NOTES=@@SQL_NOTES, SQL_NOTES=0 */;

--
-- Table structure for table `allowance`
--

DROP TABLE IF EXISTS `allowance`;
/*!40101 SET @saved_cs_client     = @@character_set_client */;
/*!50503 SET character_set_client = utf8mb4 */;
CREATE TABLE `allowance` (
  `allowanceID` int NOT NULL AUTO_INCREMENT,
  `employeeID` int NOT NULL,
  `allowanceTypeID` int NOT NULL,
  `amount` decimal(10,2) DEFAULT NULL,
  PRIMARY KEY (`allowanceID`),
  UNIQUE KEY `uc_empID_allowanceTypeID` (`employeeID`,`allowanceTypeID`) /*!80000 INVISIBLE */,
  CONSTRAINT `fk_allowance_employee` FOREIGN KEY (`employeeID`) REFERENCES `employees` (`employeeID`) ON DELETE CASCADE ON UPDATE CASCADE
) ENGINE=InnoDB AUTO_INCREMENT=142 DEFAULT CHARSET=utf8mb4 COLLATE=utf8mb4_general_ci;
/*!40101 SET character_set_client = @saved_cs_client */;

--
-- Dumping data for table `allowance`
--

LOCK TABLES `allowance` WRITE;
/*!40000 ALTER TABLE `allowance` DISABLE KEYS */;
INSERT INTO `allowance` VALUES (1,10001,1,1500.00),(2,10001,2,2000.00),(3,10001,3,1000.00),(4,10002,1,1500.00),(5,10002,2,2000.00),(6,10002,3,1000.00),(7,10003,1,1500.00),(8,10003,2,2000.00),(9,10003,3,1000.00),(10,10004,1,1500.00),(11,10004,2,2000.00),(12,10004,3,1000.00),(13,10005,1,1500.00),(14,10005,2,1000.00),(15,10005,3,1000.00),(16,10006,1,1500.00),(17,10006,2,1000.00),(18,10006,3,1000.00),(19,10007,1,1500.00),(20,10007,2,800.00),(21,10007,3,800.00),(22,10008,1,1500.00),(23,10008,2,500.00),(24,10008,3,500.00),(25,10009,1,1500.00),(26,10009,2,500.00),(27,10009,3,500.00),(28,10010,1,1500.00),(29,10010,2,1000.00),(30,10010,3,1000.00),(31,10011,1,1500.00),(32,10011,2,1000.00),(33,10011,3,1000.00),(34,10012,1,1500.00),(35,10012,2,800.00),(36,10012,3,800.00),(37,10013,1,1500.00),(38,10013,2,500.00),(39,10013,3,500.00),(40,10014,1,1500.00),(41,10014,2,500.00),(42,10014,3,500.00),(43,10015,1,1500.00),(44,10015,2,1000.00),(45,10015,3,1000.00),(46,10016,1,1500.00),(47,10016,2,800.00),(48,10016,3,800.00),(49,10017,1,1500.00),(50,10017,2,800.00),(51,10017,3,800.00),(52,10018,1,1500.00),(53,10018,2,500.00),(54,10018,3,500.00),(55,10019,1,1500.00),(56,10019,2,500.00),(57,10019,3,500.00),(58,10020,1,1500.00),(59,10020,2,500.00),(60,10020,3,500.00),(61,10021,1,1500.00),(62,10021,2,500.00),(63,10021,3,500.00),(64,10022,1,1500.00),(65,10022,2,500.00),(66,10022,3,500.00),(67,10023,1,1500.00),(68,10023,2,500.00),(69,10023,3,500.00),(70,10024,1,1500.00),(71,10024,2,500.00),(72,10024,3,500.00),(73,10025,1,1500.00),(74,10025,2,500.00),(75,10025,3,500.00),(76,10026,1,1500.00),(77,10026,2,500.00),(78,10026,3,500.00),(79,10027,1,1500.00),(80,10027,2,500.00),(81,10027,3,500.00),(82,10028,1,1500.00),(83,10028,2,500.00),(84,10028,3,500.00),(85,10029,1,1500.00),(86,10029,2,500.00),(87,10029,3,500.00),(88,10030,1,1500.00),(89,10030,2,500.00),(90,10030,3,500.00),(91,10031,1,1500.00),(92,10031,2,1000.00),(93,10031,3,1000.00),(94,10032,1,1500.00),(95,10032,2,1000.00),(96,10032,3,1000.00),(97,10033,1,1500.00),(98,10033,2,1000.00),(99,10033,3,1000.00),(100,10034,1,1500.00),(101,10034,2,1000.00),(102,10034,3,1000.00),(133,10065,1,123.00),(134,10065,2,123.00),(135,10065,3,123.00),(139,10067,1,123.00),(140,10067,2,123.00),(141,10067,3,123.00);
/*!40000 ALTER TABLE `allowance` ENABLE KEYS */;
UNLOCK TABLES;

--
-- Table structure for table `allowancetype`
--

DROP TABLE IF EXISTS `allowancetype`;
/*!40101 SET @saved_cs_client     = @@character_set_client */;
/*!50503 SET character_set_client = utf8mb4 */;
CREATE TABLE `allowancetype` (
  `allowanceTypeID` int NOT NULL AUTO_INCREMENT,
  `allowanceTypeName` varchar(100) CHARACTER SET utf8mb4 COLLATE utf8mb4_general_ci NOT NULL,
  PRIMARY KEY (`allowanceTypeID`),
  UNIQUE KEY `allowanceTypeName` (`allowanceTypeName`)
) ENGINE=InnoDB AUTO_INCREMENT=4 DEFAULT CHARSET=utf8mb4 COLLATE=utf8mb4_general_ci;
/*!40101 SET character_set_client = @saved_cs_client */;

--
-- Dumping data for table `allowancetype`
--

LOCK TABLES `allowancetype` WRITE;
/*!40000 ALTER TABLE `allowancetype` DISABLE KEYS */;
INSERT INTO `allowancetype` VALUES (3,'Clothing'),(2,'Phone'),(1,'Rice Subsidy');
/*!40000 ALTER TABLE `allowancetype` ENABLE KEYS */;
UNLOCK TABLES;

--
-- Table structure for table `attendance`
--

DROP TABLE IF EXISTS `attendance`;
/*!40101 SET @saved_cs_client     = @@character_set_client */;
/*!50503 SET character_set_client = utf8mb4 */;
CREATE TABLE `attendance` (
  `attendanceID` int NOT NULL AUTO_INCREMENT,
  `employeeID` int NOT NULL,
  `date` date NOT NULL,
  `timeIn` time NOT NULL,
  `timeOut` time DEFAULT NULL,
  PRIMARY KEY (`attendanceID`),
  KEY `fk_attendance_employee` (`employeeID`),
  CONSTRAINT `fk_attendance_employee` FOREIGN KEY (`employeeID`) REFERENCES `employees` (`employeeID`) ON DELETE CASCADE ON UPDATE CASCADE
) ENGINE=InnoDB AUTO_INCREMENT=2286 DEFAULT CHARSET=utf8mb3;
/*!40101 SET character_set_client = @saved_cs_client */;

--
-- Dumping data for table `attendance`
--

LOCK TABLES `attendance` WRITE;
/*!40000 ALTER TABLE `attendance` DISABLE KEYS */;
INSERT INTO `attendance` VALUES (1,10001,'2022-01-09','08:00:00','17:00:00'),(2,10001,'2022-02-09','08:00:00','17:00:00'),(3,10001,'2022-05-09','08:00:00','17:00:00'),(4,10001,'2022-06-09','08:00:00','17:00:00'),(5,10001,'2022-07-09','08:00:00','17:00:00'),(6,10001,'2022-08-09','08:00:00','17:00:00'),(7,10001,'2022-09-09','08:00:00','17:00:00'),(8,10001,'2022-12-09','08:00:00','17:00:00'),(9,10001,'2022-09-13','08:00:00','17:00:00'),(10,10001,'2022-09-14','08:00:00','17:00:00'),(11,10001,'2022-09-15','08:00:00','17:00:00'),(12,10001,'2022-09-16','08:00:00','17:00:00'),(13,10001,'2022-09-19','08:00:00','17:00:00'),(14,10001,'2022-09-20','08:00:00','17:00:00'),(15,10001,'2022-09-21','08:00:00','17:00:00'),(16,10001,'2022-09-22','08:00:00','17:00:00'),(17,10001,'2022-09-23','08:00:00','17:00:00'),(18,10001,'2022-09-26','08:00:00','17:00:00'),(19,10001,'2022-09-27','08:00:00','17:00:00'),(20,10001,'2022-09-28','08:00:00','17:00:00'),(21,10001,'2022-09-29','08:00:00','17:00:00'),(22,10001,'2022-09-30','08:00:00','17:00:00'),(23,10001,'2022-03-10','08:00:00','17:00:00'),(24,10001,'2022-04-10','08:00:00','17:00:00'),(25,10001,'2022-05-10','08:00:00','17:00:00'),(26,10001,'2022-06-10','08:00:00','17:00:00'),(27,10001,'2022-07-10','08:00:00','17:00:00'),(28,10001,'2022-10-10','08:00:00','17:00:00'),(29,10001,'2022-11-10','08:00:00','17:00:00'),(30,10001,'2022-12-10','08:00:00','17:00:00'),(31,10001,'2022-10-13','08:00:00','17:00:00'),(32,10001,'2022-10-14','08:00:00','17:00:00'),(33,10001,'2022-10-17','08:00:00','17:00:00'),(34,10001,'2022-10-18','08:00:00','17:00:00'),(35,10001,'2022-10-19','08:00:00','17:00:00'),(36,10001,'2022-10-20','08:00:00','17:00:00'),(37,10001,'2022-10-21','08:00:00','17:00:00'),(38,10001,'2022-10-24','08:00:00','17:00:00'),(39,10001,'2022-10-25','08:00:00','17:00:00'),(40,10001,'2022-10-26','08:00:00','17:00:00'),(41,10001,'2022-10-27','08:00:00','17:00:00'),(42,10001,'2022-10-28','08:00:00','17:00:00'),(43,10001,'2022-10-31','08:00:00','17:00:00'),(44,10001,'2022-01-11','00:00:00','00:00:00'),(45,10001,'2022-02-11','08:00:00','17:00:00'),(46,10001,'2022-03-11','08:00:00','17:00:00'),(47,10001,'2022-04-11','08:00:00','17:00:00'),(48,10001,'2022-07-11','08:00:00','17:00:00'),(49,10001,'2022-08-11','08:00:00','17:00:00'),(50,10001,'2022-09-11','08:00:00','17:00:00'),(51,10001,'2022-10-11','08:00:00','17:00:00'),(52,10001,'2022-11-11','08:00:00','17:00:00'),(53,10001,'2022-11-14','08:00:00','17:00:00'),(54,10001,'2022-11-15','08:00:00','17:00:00'),(55,10001,'2022-11-16','08:00:00','17:00:00'),(56,10001,'2022-11-17','08:00:00','17:00:00'),(57,10001,'2022-11-18','08:00:00','17:00:00'),(58,10001,'2022-11-21','08:00:00','17:00:00'),(59,10001,'2022-11-22','08:00:00','17:00:00'),(60,10001,'2022-11-23','08:00:00','17:00:00'),(61,10001,'2022-11-24','08:00:00','17:00:00'),(62,10001,'2022-11-25','08:00:00','17:00:00'),(63,10001,'2022-11-28','08:00:00','17:00:00'),(64,10001,'2022-11-29','08:00:00','17:00:00'),(65,10001,'2022-11-30','00:00:00','00:00:00'),(66,10001,'2022-01-12','08:00:00','17:00:00'),(67,10001,'2022-02-12','08:00:00','17:00:00'),(68,10001,'2022-05-12','08:00:00','17:00:00'),(69,10001,'2022-06-12','08:00:00','17:00:00'),(70,10001,'2022-07-12','08:00:00','17:00:00'),(71,10001,'2022-08-12','00:00:00','00:00:00'),(72,10001,'2022-09-12','08:00:00','17:00:00'),(73,10001,'2022-12-12','08:00:00','17:00:00'),(74,10001,'2022-12-13','08:00:00','17:00:00'),(75,10001,'2022-12-14','08:00:00','17:00:00'),(76,10001,'2022-12-15','08:00:00','17:00:00'),(77,10001,'2022-12-16','08:00:00','17:00:00'),(78,10001,'2022-12-19','08:00:00','17:00:00'),(79,10001,'2022-12-20','08:00:00','17:00:00'),(80,10001,'2022-12-21','08:00:00','17:00:00'),(81,10001,'2022-12-22','08:00:00','17:00:00'),(82,10001,'2022-12-23','08:00:00','17:00:00'),(83,10001,'2022-12-26','08:00:00','17:00:00'),(84,10001,'2022-12-27','08:00:00','17:00:00'),(85,10001,'2022-12-28','08:00:00','17:00:00'),(86,10001,'2022-12-29','08:00:00','17:00:00'),(87,10001,'2022-12-30','00:00:00','00:00:00'),(88,10002,'2022-01-09','08:00:00','17:00:00'),(89,10002,'2022-02-09','08:00:00','17:00:00'),(90,10002,'2022-05-09','08:00:00','17:00:00'),(91,10002,'2022-06-09','08:00:00','17:00:00'),(92,10002,'2022-07-09','08:00:00','17:00:00'),(93,10002,'2022-08-09','08:00:00','17:00:00'),(94,10002,'2022-09-09','08:00:00','17:00:00'),(95,10002,'2022-12-09','08:00:00','17:00:00'),(96,10002,'2022-09-13','08:00:00','17:00:00'),(97,10002,'2022-09-14','08:00:00','17:00:00'),(98,10002,'2022-09-15','08:00:00','17:00:00'),(99,10002,'2022-09-16','08:00:00','17:00:00'),(100,10002,'2022-09-19','08:00:00','17:00:00'),(101,10002,'2022-09-20','08:00:00','17:00:00'),(102,10002,'2022-09-21','08:00:00','17:00:00'),(103,10002,'2022-09-22','08:00:00','17:00:00'),(104,10002,'2022-09-23','08:00:00','17:00:00'),(105,10002,'2022-09-26','08:00:00','17:00:00'),(106,10002,'2022-09-27','08:00:00','17:00:00'),(107,10002,'2022-09-28','08:00:00','17:00:00'),(108,10002,'2022-09-29','08:00:00','17:00:00'),(109,10002,'2022-09-30','08:00:00','17:00:00'),(110,10002,'2022-03-10','08:00:00','17:00:00'),(111,10002,'2022-04-10','08:00:00','17:00:00'),(112,10002,'2022-05-10','08:00:00','17:00:00'),(113,10002,'2022-06-10','08:00:00','17:00:00'),(114,10002,'2022-07-10','08:00:00','17:00:00'),(115,10002,'2022-10-10','08:00:00','17:00:00'),(116,10002,'2022-11-10','08:00:00','17:00:00'),(117,10002,'2022-12-10','08:00:00','17:00:00'),(118,10002,'2022-10-13','08:00:00','17:00:00'),(119,10002,'2022-10-14','08:00:00','17:00:00'),(120,10002,'2022-10-17','08:00:00','17:00:00'),(121,10002,'2022-10-18','08:00:00','17:00:00'),(122,10002,'2022-10-19','08:00:00','17:00:00'),(123,10002,'2022-10-20','08:00:00','17:00:00'),(124,10002,'2022-10-21','08:00:00','17:00:00'),(125,10002,'2022-10-24','08:00:00','17:00:00'),(126,10002,'2022-10-25','08:00:00','17:00:00'),(127,10002,'2022-10-26','08:00:00','17:00:00'),(128,10002,'2022-10-27','08:00:00','17:00:00'),(129,10002,'2022-10-28','08:00:00','17:00:00'),(130,10002,'2022-10-31','08:00:00','17:00:00'),(131,10002,'2022-01-11','00:00:00','00:00:00'),(132,10002,'2022-02-11','08:00:00','17:00:00'),(133,10002,'2022-03-11','08:00:00','17:00:00'),(134,10002,'2022-04-11','08:00:00','17:00:00'),(135,10002,'2022-07-11','08:00:00','17:00:00'),(136,10002,'2022-08-11','08:00:00','17:00:00'),(137,10002,'2022-09-11','08:00:00','17:00:00'),(138,10002,'2022-10-11','08:00:00','17:00:00'),(139,10002,'2022-11-11','08:00:00','17:00:00'),(140,10002,'2022-11-14','08:00:00','17:00:00'),(141,10002,'2022-11-15','08:00:00','17:00:00'),(142,10002,'2022-11-16','08:00:00','17:00:00'),(143,10002,'2022-11-17','08:00:00','17:00:00'),(144,10002,'2022-11-18','08:00:00','17:00:00'),(145,10002,'2022-11-21','08:00:00','17:00:00'),(146,10002,'2022-11-22','08:00:00','17:00:00'),(147,10002,'2022-11-23','08:00:00','17:00:00'),(148,10002,'2022-11-24','08:00:00','17:00:00'),(149,10002,'2022-11-25','08:00:00','17:00:00'),(150,10002,'2022-11-28','08:00:00','17:00:00'),(151,10002,'2022-11-29','08:00:00','17:00:00'),(152,10002,'2022-11-30','00:00:00','00:00:00'),(153,10002,'2022-01-12','08:00:00','17:00:00'),(154,10002,'2022-02-12','08:00:00','17:00:00'),(155,10002,'2022-05-12','08:00:00','17:00:00'),(156,10002,'2022-06-12','08:00:00','17:00:00'),(157,10002,'2022-07-12','08:00:00','17:00:00'),(158,10002,'2022-08-12','00:00:00','00:00:00'),(159,10002,'2022-09-12','08:00:00','17:00:00'),(160,10002,'2022-12-12','08:00:00','17:00:00'),(161,10002,'2022-12-13','08:00:00','17:00:00'),(162,10002,'2022-12-14','08:00:00','17:00:00'),(163,10002,'2022-12-15','00:00:00','00:00:00'),(164,10002,'2022-12-16','00:00:00','00:00:00'),(165,10002,'2022-12-19','00:00:00','00:00:00'),(166,10002,'2022-12-20','00:00:00','00:00:00'),(167,10002,'2022-12-21','00:00:00','00:00:00'),(168,10002,'2022-12-22','00:00:00','00:00:00'),(169,10002,'2022-12-23','00:00:00','00:00:00'),(170,10002,'2022-12-26','00:00:00','00:00:00'),(171,10002,'2022-12-27','00:00:00','00:00:00'),(172,10002,'2022-12-28','00:00:00','00:00:00'),(173,10002,'2022-12-29','00:00:00','00:00:00'),(174,10002,'2022-12-30','00:00:00','00:00:00'),(175,10003,'2022-01-09','08:00:00','17:00:00'),(176,10003,'2022-02-09','08:00:00','17:00:00'),(177,10003,'2022-05-09','08:00:00','17:00:00'),(178,10003,'2022-06-09','11:30:00','17:00:00'),(179,10003,'2022-07-09','08:00:00','17:00:00'),(180,10003,'2022-08-09','08:00:00','17:00:00'),(181,10003,'2022-09-09','08:00:00','17:00:00'),(182,10003,'2022-12-09','08:00:00','17:00:00'),(183,10003,'2022-09-13','08:00:00','17:00:00'),(184,10003,'2022-09-14','08:00:00','17:00:00'),(185,10003,'2022-09-15','11:30:00','17:00:00'),(186,10003,'2022-09-16','08:00:00','17:00:00'),(187,10003,'2022-09-19','08:00:00','17:00:00'),(188,10003,'2022-09-20','08:00:00','17:00:00'),(189,10003,'2022-09-21','08:00:00','17:00:00'),(190,10003,'2022-09-22','08:00:00','17:00:00'),(191,10003,'2022-09-23','08:00:00','17:00:00'),(192,10003,'2022-09-26','11:30:00','17:00:00'),(193,10003,'2022-09-27','08:00:00','17:00:00'),(194,10003,'2022-09-28','08:00:00','17:00:00'),(195,10003,'2022-09-29','08:00:00','17:00:00'),(196,10003,'2022-09-30','08:00:00','17:00:00'),(197,10003,'2022-03-10','08:00:00','17:00:00'),(198,10003,'2022-04-10','08:00:00','17:00:00'),(199,10003,'2022-05-10','11:30:00','17:00:00'),(200,10003,'2022-06-10','08:00:00','17:00:00'),(201,10003,'2022-07-10','08:00:00','17:00:00'),(202,10003,'2022-10-10','08:00:00','17:00:00'),(203,10003,'2022-11-10','08:00:00','17:00:00'),(204,10003,'2022-12-10','08:00:00','17:00:00'),(205,10003,'2022-10-13','08:00:00','17:00:00'),(206,10003,'2022-10-14','11:30:00','17:00:00'),(207,10003,'2022-10-17','08:00:00','17:00:00'),(208,10003,'2022-10-18','08:00:00','17:00:00'),(209,10003,'2022-10-19','08:00:00','17:00:00'),(210,10003,'2022-10-20','08:00:00','17:00:00'),(211,10003,'2022-10-21','08:00:00','17:00:00'),(212,10003,'2022-10-24','08:00:00','17:00:00'),(213,10003,'2022-10-25','11:30:00','17:00:00'),(214,10003,'2022-10-26','08:00:00','17:00:00'),(215,10003,'2022-10-27','08:00:00','17:00:00'),(216,10003,'2022-10-28','08:00:00','17:00:00'),(217,10003,'2022-10-31','08:00:00','17:00:00'),(218,10003,'2022-01-11','00:00:00','00:00:00'),(219,10003,'2022-02-11','08:00:00','17:00:00'),(220,10003,'2022-03-11','11:30:00','17:00:00'),(221,10003,'2022-04-11','08:00:00','17:00:00'),(222,10003,'2022-07-11','08:00:00','17:00:00'),(223,10003,'2022-08-11','08:00:00','17:00:00'),(224,10003,'2022-09-11','08:00:00','17:00:00'),(225,10003,'2022-10-11','08:00:00','17:00:00'),(226,10003,'2022-11-11','08:00:00','17:00:00'),(227,10003,'2022-11-14','11:30:00','17:00:00'),(228,10003,'2022-11-15','08:00:00','17:00:00'),(229,10003,'2022-11-16','08:00:00','17:00:00'),(230,10003,'2022-11-17','08:00:00','17:00:00'),(231,10003,'2022-11-18','08:00:00','17:00:00'),(232,10003,'2022-11-21','08:00:00','17:00:00'),(233,10003,'2022-11-22','08:00:00','17:00:00'),(234,10003,'2022-11-23','11:30:00','17:00:00'),(235,10003,'2022-11-24','08:00:00','17:00:00'),(236,10003,'2022-11-25','08:00:00','17:00:00'),(237,10003,'2022-11-28','08:00:00','17:00:00'),(238,10003,'2022-11-29','08:00:00','17:00:00'),(239,10003,'2022-11-30','00:00:00','00:00:00'),(240,10003,'2022-01-12','08:00:00','17:00:00'),(241,10003,'2022-02-12','11:30:00','17:00:00'),(242,10003,'2022-05-12','08:00:00','17:00:00'),(243,10003,'2022-06-12','08:00:00','17:00:00'),(244,10003,'2022-07-12','08:00:00','17:00:00'),(245,10003,'2022-08-12','00:00:00','00:00:00'),(246,10003,'2022-09-12','08:00:00','17:00:00'),(247,10003,'2022-12-12','08:00:00','17:00:00'),(248,10003,'2022-12-13','11:30:00','17:00:00'),(249,10003,'2022-12-14','08:00:00','17:00:00'),(250,10003,'2022-12-15','00:00:00','00:00:00'),(251,10003,'2022-12-16','00:00:00','00:00:00'),(252,10003,'2022-12-19','00:00:00','00:00:00'),(253,10003,'2022-12-20','00:00:00','00:00:00'),(254,10003,'2022-12-21','00:00:00','00:00:00'),(255,10003,'2022-12-22','00:00:00','00:00:00'),(256,10003,'2022-12-23','00:00:00','00:00:00'),(257,10003,'2022-12-26','00:00:00','00:00:00'),(258,10003,'2022-12-27','00:00:00','00:00:00'),(259,10003,'2022-12-28','00:00:00','00:00:00'),(260,10003,'2022-12-29','00:00:00','00:00:00'),(261,10003,'2022-12-30','00:00:00','00:00:00'),(262,10004,'2022-01-09','08:00:00','17:00:00'),(263,10004,'2022-02-09','08:00:00','17:00:00'),(264,10004,'2022-05-09','08:00:00','17:00:00'),(265,10004,'2022-06-09','08:00:00','17:00:00'),(266,10004,'2022-07-09','08:00:00','17:00:00'),(267,10004,'2022-08-09','08:00:00','17:00:00'),(268,10004,'2022-09-09','08:00:00','17:00:00'),(269,10004,'2022-12-09','08:00:00','17:00:00'),(270,10004,'2022-09-13','08:00:00','17:00:00'),(271,10004,'2022-09-14','08:00:00','17:00:00'),(272,10004,'2022-09-15','08:00:00','17:00:00'),(273,10004,'2022-09-16','08:00:00','17:00:00'),(274,10004,'2022-09-19','08:00:00','17:00:00'),(275,10004,'2022-09-20','08:00:00','17:00:00'),(276,10004,'2022-09-21','08:00:00','17:00:00'),(277,10004,'2022-09-22','08:00:00','17:00:00'),(278,10004,'2022-09-23','08:00:00','17:00:00'),(279,10004,'2022-09-26','08:00:00','17:00:00'),(280,10004,'2022-09-27','08:00:00','17:00:00'),(281,10004,'2022-09-28','08:00:00','17:00:00'),(282,10004,'2022-09-29','08:00:00','17:00:00'),(283,10004,'2022-09-30','08:00:00','17:00:00'),(284,10004,'2022-03-10','08:00:00','17:00:00'),(285,10004,'2022-04-10','08:00:00','17:00:00'),(286,10004,'2022-05-10','08:00:00','17:00:00'),(287,10004,'2022-06-10','08:00:00','17:00:00'),(288,10004,'2022-07-10','08:00:00','17:00:00'),(289,10004,'2022-10-10','08:00:00','17:00:00'),(290,10004,'2022-11-10','08:00:00','17:00:00'),(291,10004,'2022-12-10','08:00:00','17:00:00'),(292,10004,'2022-10-13','08:00:00','17:00:00'),(293,10004,'2022-10-14','08:00:00','17:00:00'),(294,10004,'2022-10-17','08:00:00','17:00:00'),(295,10004,'2022-10-18','08:00:00','17:00:00'),(296,10004,'2022-10-19','08:00:00','17:00:00'),(297,10004,'2022-10-20','08:00:00','17:00:00'),(298,10004,'2022-10-21','08:00:00','17:00:00'),(299,10004,'2022-10-24','08:00:00','17:00:00'),(300,10004,'2022-10-25','08:00:00','17:00:00'),(301,10004,'2022-10-26','08:00:00','17:00:00'),(302,10004,'2022-10-27','08:00:00','17:00:00'),(303,10004,'2022-10-28','08:00:00','17:00:00'),(304,10004,'2022-10-31','08:00:00','17:00:00'),(305,10004,'2022-01-11','00:00:00','00:00:00'),(306,10004,'2022-02-11','08:00:00','17:00:00'),(307,10004,'2022-03-11','08:00:00','17:00:00'),(308,10004,'2022-04-11','08:00:00','17:00:00'),(309,10004,'2022-07-11','08:00:00','17:00:00'),(310,10004,'2022-08-11','08:00:00','17:00:00'),(311,10004,'2022-09-11','08:00:00','17:00:00'),(312,10004,'2022-10-11','08:00:00','17:00:00'),(313,10004,'2022-11-11','08:00:00','17:00:00'),(314,10004,'2022-11-14','08:00:00','17:00:00'),(315,10004,'2022-11-15','08:00:00','17:00:00'),(316,10004,'2022-11-16','08:00:00','17:00:00'),(317,10004,'2022-11-17','08:00:00','17:00:00'),(318,10004,'2022-11-18','08:00:00','17:00:00'),(319,10004,'2022-11-21','08:00:00','17:00:00'),(320,10004,'2022-11-22','08:00:00','17:00:00'),(321,10004,'2022-11-23','08:00:00','17:00:00'),(322,10004,'2022-11-24','08:00:00','17:00:00'),(323,10004,'2022-11-25','08:00:00','17:00:00'),(324,10004,'2022-11-28','08:00:00','17:00:00'),(325,10004,'2022-11-29','08:00:00','17:00:00'),(326,10004,'2022-11-30','00:00:00','00:00:00'),(327,10004,'2022-01-12','08:00:00','17:00:00'),(328,10004,'2022-02-12','08:00:00','17:00:00'),(329,10004,'2022-05-12','08:00:00','17:00:00'),(330,10004,'2022-06-12','08:00:00','17:00:00'),(331,10004,'2022-07-12','08:00:00','17:00:00'),(332,10004,'2022-08-12','00:00:00','00:00:00'),(333,10004,'2022-09-12','08:00:00','17:00:00'),(334,10004,'2022-12-12','08:00:00','17:00:00'),(335,10004,'2022-12-13','08:00:00','17:00:00'),(336,10004,'2022-12-14','08:00:00','17:00:00'),(337,10004,'2022-12-15','00:00:00','00:00:00'),(338,10004,'2022-12-16','00:00:00','00:00:00'),(339,10004,'2022-12-19','00:00:00','00:00:00'),(340,10004,'2022-12-20','00:00:00','00:00:00'),(341,10004,'2022-12-21','00:00:00','00:00:00'),(342,10004,'2022-12-22','00:00:00','00:00:00'),(343,10004,'2022-12-23','00:00:00','00:00:00'),(344,10004,'2022-12-26','00:00:00','00:00:00'),(345,10004,'2022-12-27','00:00:00','00:00:00'),(346,10004,'2022-12-28','00:00:00','00:00:00'),(347,10004,'2022-12-29','00:00:00','00:00:00'),(348,10004,'2022-12-30','00:00:00','00:00:00'),(349,10005,'2022-01-09','08:00:00','17:00:00'),(350,10005,'2022-02-09','08:00:00','17:00:00'),(351,10005,'2022-05-09','08:15:00','17:00:00'),(352,10005,'2022-06-09','08:00:00','17:00:00'),(353,10005,'2022-07-09','08:00:00','17:00:00'),(354,10005,'2022-08-09','08:00:00','17:00:00'),(355,10005,'2022-09-09','08:00:00','17:00:00'),(356,10005,'2022-12-09','08:00:00','17:00:00'),(357,10005,'2022-09-13','08:00:00','17:00:00'),(358,10005,'2022-09-14','08:15:00','17:00:00'),(359,10005,'2022-09-15','08:00:00','17:00:00'),(360,10005,'2022-09-16','08:00:00','17:00:00'),(361,10005,'2022-09-19','08:00:00','17:00:00'),(362,10005,'2022-09-20','08:00:00','17:00:00'),(363,10005,'2022-09-21','08:00:00','17:00:00'),(364,10005,'2022-09-22','08:00:00','17:00:00'),(365,10005,'2022-09-23','08:15:00','17:00:00'),(366,10005,'2022-09-26','08:00:00','17:00:00'),(367,10005,'2022-09-27','08:00:00','17:00:00'),(368,10005,'2022-09-28','08:00:00','17:00:00'),(369,10005,'2022-09-29','08:00:00','17:00:00'),(370,10005,'2022-09-30','08:00:00','17:00:00'),(371,10005,'2022-03-10','08:00:00','17:00:00'),(372,10005,'2022-04-10','08:15:00','17:00:00'),(373,10005,'2022-05-10','08:00:00','17:00:00'),(374,10005,'2022-06-10','08:00:00','17:00:00'),(375,10005,'2022-07-10','08:00:00','17:00:00'),(376,10005,'2022-10-10','08:00:00','17:00:00'),(377,10005,'2022-11-10','08:00:00','17:00:00'),(378,10005,'2022-12-10','08:00:00','17:00:00'),(379,10005,'2022-10-13','08:15:00','17:00:00'),(380,10005,'2022-10-14','08:00:00','17:00:00'),(381,10005,'2022-10-17','08:00:00','17:00:00'),(382,10005,'2022-10-18','08:00:00','17:00:00'),(383,10005,'2022-10-19','08:00:00','17:00:00'),(384,10005,'2022-10-20','08:00:00','17:00:00'),(385,10005,'2022-10-21','08:00:00','17:00:00'),(386,10005,'2022-10-24','08:15:00','17:00:00'),(387,10005,'2022-10-25','08:00:00','17:00:00'),(388,10005,'2022-10-26','08:00:00','17:00:00'),(389,10005,'2022-10-27','08:00:00','17:00:00'),(390,10005,'2022-10-28','08:00:00','17:00:00'),(391,10005,'2022-10-31','08:00:00','17:00:00'),(392,10005,'2022-01-11','00:00:00','00:00:00'),(393,10005,'2022-02-11','08:15:00','17:00:00'),(394,10005,'2022-03-11','08:00:00','17:00:00'),(395,10005,'2022-04-11','08:00:00','17:00:00'),(396,10005,'2022-07-11','08:00:00','17:00:00'),(397,10005,'2022-08-11','08:00:00','17:00:00'),(398,10005,'2022-09-11','08:00:00','17:00:00'),(399,10005,'2022-10-11','08:00:00','17:00:00'),(400,10005,'2022-11-11','08:15:00','17:00:00'),(401,10005,'2022-11-14','08:00:00','17:00:00'),(402,10005,'2022-11-15','08:00:00','17:00:00'),(403,10005,'2022-11-16','08:00:00','17:00:00'),(404,10005,'2022-11-17','08:00:00','17:00:00'),(405,10005,'2022-11-18','08:00:00','17:00:00'),(406,10005,'2022-11-21','08:00:00','17:00:00'),(407,10005,'2022-11-22','08:15:00','17:00:00'),(408,10005,'2022-11-23','08:00:00','17:00:00'),(409,10005,'2022-11-24','08:00:00','17:00:00'),(410,10005,'2022-11-25','08:00:00','17:00:00'),(411,10005,'2022-11-28','08:00:00','17:00:00'),(412,10005,'2022-11-29','08:00:00','17:00:00'),(413,10005,'2022-11-30','00:00:00','00:00:00'),(414,10005,'2022-01-12','08:15:00','17:00:00'),(415,10005,'2022-02-12','08:00:00','17:00:00'),(416,10005,'2022-05-12','08:00:00','17:00:00'),(417,10005,'2022-06-12','08:00:00','17:00:00'),(418,10005,'2022-07-12','08:00:00','17:00:00'),(419,10005,'2022-08-12','00:00:00','00:00:00'),(420,10005,'2022-09-12','08:00:00','17:00:00'),(421,10005,'2022-12-12','08:15:00','17:00:00'),(422,10005,'2022-12-13','08:00:00','17:00:00'),(423,10005,'2022-12-14','08:00:00','17:00:00'),(424,10005,'2022-12-15','00:00:00','00:00:00'),(425,10005,'2022-12-16','00:00:00','00:00:00'),(426,10005,'2022-12-19','00:00:00','00:00:00'),(427,10005,'2022-12-20','00:00:00','00:00:00'),(428,10005,'2022-12-21','00:00:00','00:00:00'),(429,10005,'2022-12-22','00:00:00','00:00:00'),(430,10005,'2022-12-23','00:00:00','00:00:00'),(431,10005,'2022-12-26','00:00:00','00:00:00'),(432,10005,'2022-12-27','00:00:00','00:00:00'),(433,10005,'2022-12-28','00:00:00','00:00:00'),(434,10005,'2022-12-29','00:00:00','00:00:00'),(435,10005,'2022-12-30','00:00:00','00:00:00'),(436,10006,'2022-01-09','08:00:00','17:00:00'),(437,10006,'2022-02-09','08:00:00','17:00:00'),(438,10006,'2022-05-09','08:00:00','17:00:00'),(439,10006,'2022-06-09','08:00:00','17:00:00'),(440,10006,'2022-07-09','08:00:00','17:00:00'),(441,10006,'2022-08-09','08:00:00','17:00:00'),(442,10006,'2022-09-09','08:00:00','17:00:00'),(443,10006,'2022-12-09','08:00:00','17:00:00'),(444,10006,'2022-09-13','08:00:00','17:00:00'),(445,10006,'2022-09-14','08:00:00','17:00:00'),(446,10006,'2022-09-15','08:00:00','17:00:00'),(447,10006,'2022-09-16','08:00:00','17:00:00'),(448,10006,'2022-09-19','08:00:00','17:00:00'),(449,10006,'2022-09-20','08:00:00','17:00:00'),(450,10006,'2022-09-21','08:00:00','17:00:00'),(451,10006,'2022-09-22','08:00:00','17:00:00'),(452,10006,'2022-09-23','08:00:00','17:00:00'),(453,10006,'2022-09-26','08:00:00','17:00:00'),(454,10006,'2022-09-27','08:00:00','17:00:00'),(455,10006,'2022-09-28','08:00:00','17:00:00'),(456,10006,'2022-09-29','08:00:00','17:00:00'),(457,10006,'2022-09-30','08:00:00','17:00:00'),(458,10006,'2022-03-10','08:00:00','17:00:00'),(459,10006,'2022-04-10','08:00:00','17:00:00'),(460,10006,'2022-05-10','08:00:00','17:00:00'),(461,10006,'2022-06-10','08:00:00','17:00:00'),(462,10006,'2022-07-10','08:00:00','17:00:00'),(463,10006,'2022-10-10','08:00:00','17:00:00'),(464,10006,'2022-11-10','08:00:00','17:00:00'),(465,10006,'2022-12-10','08:00:00','17:00:00'),(466,10006,'2022-10-13','08:00:00','17:00:00'),(467,10006,'2022-10-14','08:00:00','17:00:00'),(468,10006,'2022-10-17','08:00:00','17:00:00'),(469,10006,'2022-10-18','08:00:00','17:00:00'),(470,10006,'2022-10-19','08:00:00','17:00:00'),(471,10006,'2022-10-20','08:00:00','17:00:00'),(472,10006,'2022-10-21','08:00:00','17:00:00'),(473,10006,'2022-10-24','08:00:00','17:00:00'),(474,10006,'2022-10-25','08:00:00','17:00:00'),(475,10006,'2022-10-26','08:00:00','17:00:00'),(476,10006,'2022-10-27','08:00:00','17:00:00'),(477,10006,'2022-10-28','08:00:00','17:00:00'),(478,10006,'2022-10-31','08:00:00','17:00:00'),(479,10006,'2022-01-11','00:00:00','00:00:00'),(480,10006,'2022-02-11','08:00:00','17:00:00'),(481,10006,'2022-03-11','08:00:00','17:00:00'),(482,10006,'2022-04-11','08:00:00','17:00:00'),(483,10006,'2022-07-11','08:00:00','17:00:00'),(484,10006,'2022-08-11','08:00:00','17:00:00'),(485,10006,'2022-09-11','08:00:00','17:00:00'),(486,10006,'2022-10-11','08:00:00','17:00:00'),(487,10006,'2022-11-11','08:00:00','17:00:00'),(488,10006,'2022-11-14','08:00:00','17:00:00'),(489,10006,'2022-11-15','08:00:00','17:00:00'),(490,10006,'2022-11-16','08:00:00','17:00:00'),(491,10006,'2022-11-17','08:00:00','17:00:00'),(492,10006,'2022-11-18','08:00:00','17:00:00'),(493,10006,'2022-11-21','08:00:00','17:00:00'),(494,10006,'2022-11-22','08:00:00','17:00:00'),(495,10006,'2022-11-23','08:00:00','17:00:00'),(496,10006,'2022-11-24','08:00:00','17:00:00'),(497,10006,'2022-11-25','08:00:00','17:00:00'),(498,10006,'2022-11-28','08:00:00','17:00:00'),(499,10006,'2022-11-29','08:00:00','17:00:00'),(500,10006,'2022-11-30','00:00:00','00:00:00'),(501,10006,'2022-01-12','08:00:00','17:00:00'),(502,10006,'2022-02-12','08:00:00','17:00:00'),(503,10006,'2022-05-12','08:00:00','17:00:00'),(504,10006,'2022-06-12','08:00:00','17:00:00'),(505,10006,'2022-07-12','08:00:00','17:00:00'),(506,10006,'2022-08-12','00:00:00','00:00:00'),(507,10006,'2022-09-12','08:00:00','17:00:00'),(508,10006,'2022-12-12','08:00:00','17:00:00'),(509,10006,'2022-12-13','08:00:00','17:00:00'),(510,10006,'2022-12-14','08:00:00','17:00:00'),(511,10006,'2022-12-15','00:00:00','00:00:00'),(512,10006,'2022-12-16','00:00:00','00:00:00'),(513,10006,'2022-12-19','00:00:00','00:00:00'),(514,10006,'2022-12-20','00:00:00','00:00:00'),(515,10006,'2022-12-21','00:00:00','00:00:00'),(516,10006,'2022-12-22','00:00:00','00:00:00'),(517,10006,'2022-12-23','00:00:00','00:00:00'),(518,10006,'2022-12-26','00:00:00','00:00:00'),(519,10006,'2022-12-27','00:00:00','00:00:00'),(520,10006,'2022-12-28','00:00:00','00:00:00'),(521,10006,'2022-12-29','00:00:00','00:00:00'),(522,10006,'2022-12-30','00:00:00','00:00:00'),(523,10007,'2022-01-09','08:27:00','17:00:00'),(524,10007,'2022-02-09','08:00:00','17:00:00'),(525,10007,'2022-05-09','08:00:00','17:00:00'),(526,10007,'2022-06-09','08:00:00','17:00:00'),(527,10007,'2022-07-09','08:00:00','17:00:00'),(528,10007,'2022-08-09','08:00:00','17:00:00'),(529,10007,'2022-09-09','08:00:00','17:00:00'),(530,10007,'2022-12-09','08:27:00','17:00:00'),(531,10007,'2022-09-13','08:00:00','17:00:00'),(532,10007,'2022-09-14','08:00:00','17:00:00'),(533,10007,'2022-09-15','08:00:00','17:00:00'),(534,10007,'2022-09-16','08:00:00','17:00:00'),(535,10007,'2022-09-19','08:00:00','17:00:00'),(536,10007,'2022-09-20','08:00:00','17:00:00'),(537,10007,'2022-09-21','08:27:00','17:00:00'),(538,10007,'2022-09-22','08:00:00','17:00:00'),(539,10007,'2022-09-23','08:00:00','17:00:00'),(540,10007,'2022-09-26','08:00:00','17:00:00'),(541,10007,'2022-09-27','08:00:00','17:00:00'),(542,10007,'2022-09-28','08:00:00','17:00:00'),(543,10007,'2022-09-29','08:00:00','17:00:00'),(544,10007,'2022-09-30','08:27:00','17:00:00'),(545,10007,'2022-03-10','08:00:00','17:00:00'),(546,10007,'2022-04-10','08:00:00','17:00:00'),(547,10007,'2022-05-10','08:00:00','17:00:00'),(548,10007,'2022-06-10','08:00:00','17:00:00'),(549,10007,'2022-07-10','08:00:00','17:00:00'),(550,10007,'2022-10-10','08:00:00','17:00:00'),(551,10007,'2022-11-10','08:27:00','17:00:00'),(552,10007,'2022-12-10','08:00:00','17:00:00'),(553,10007,'2022-10-13','08:00:00','17:00:00'),(554,10007,'2022-10-14','08:00:00','17:00:00'),(555,10007,'2022-10-17','08:00:00','17:00:00'),(556,10007,'2022-10-18','08:00:00','17:00:00'),(557,10007,'2022-10-19','08:00:00','17:00:00'),(558,10007,'2022-10-20','08:27:00','17:00:00'),(559,10007,'2022-10-21','08:00:00','17:00:00'),(560,10007,'2022-10-24','08:00:00','17:00:00'),(561,10007,'2022-10-25','08:00:00','17:00:00'),(562,10007,'2022-10-26','08:00:00','17:00:00'),(563,10007,'2022-10-27','08:00:00','17:00:00'),(564,10007,'2022-10-28','08:00:00','17:00:00'),(565,10007,'2022-10-31','08:27:00','17:00:00'),(566,10007,'2022-01-11','00:00:00','00:00:00'),(567,10007,'2022-02-11','08:00:00','17:00:00'),(568,10007,'2022-03-11','08:00:00','17:00:00'),(569,10007,'2022-04-11','08:00:00','17:00:00'),(570,10007,'2022-07-11','08:00:00','17:00:00'),(571,10007,'2022-08-11','08:00:00','17:00:00'),(572,10007,'2022-09-11','08:27:00','17:00:00'),(573,10007,'2022-10-11','08:00:00','17:00:00'),(574,10007,'2022-11-11','08:00:00','17:00:00'),(575,10007,'2022-11-14','08:00:00','17:00:00'),(576,10007,'2022-11-15','08:00:00','17:00:00'),(577,10007,'2022-11-16','08:00:00','17:00:00'),(578,10007,'2022-11-17','08:00:00','17:00:00'),(579,10007,'2022-11-18','08:27:00','17:00:00'),(580,10007,'2022-11-21','08:00:00','17:00:00'),(581,10007,'2022-11-22','08:00:00','17:00:00'),(582,10007,'2022-11-23','08:00:00','17:00:00'),(583,10007,'2022-11-24','08:00:00','17:00:00'),(584,10007,'2022-11-25','08:00:00','17:00:00'),(585,10007,'2022-11-28','08:00:00','17:00:00'),(586,10007,'2022-11-29','08:27:00','17:00:00'),(587,10007,'2022-11-30','00:00:00','00:00:00'),(588,10007,'2022-01-12','08:00:00','17:00:00'),(589,10007,'2022-02-12','08:00:00','17:00:00'),(590,10007,'2022-05-12','08:00:00','17:00:00'),(591,10007,'2022-06-12','08:00:00','17:00:00'),(592,10007,'2022-07-12','08:00:00','17:00:00'),(593,10007,'2022-08-12','00:00:00','00:00:00'),(594,10007,'2022-09-12','08:00:00','17:00:00'),(595,10007,'2022-12-12','08:00:00','17:00:00'),(596,10007,'2022-12-13','08:00:00','17:00:00'),(597,10007,'2022-12-14','08:00:00','17:00:00'),(598,10007,'2022-12-15','08:00:00','17:00:00'),(599,10007,'2022-12-16','08:00:00','17:00:00'),(600,10007,'2022-12-19','08:27:00','17:00:00'),(601,10007,'2022-12-20','08:00:00','17:00:00'),(602,10007,'2022-12-21','08:00:00','17:00:00'),(603,10007,'2022-12-22','08:00:00','17:00:00'),(604,10007,'2022-12-23','08:00:00','17:00:00'),(605,10007,'2022-12-26','08:00:00','17:00:00'),(606,10007,'2022-12-27','08:00:00','17:00:00'),(607,10007,'2022-12-28','08:27:00','17:00:00'),(608,10007,'2022-12-29','08:00:00','17:00:00'),(609,10007,'2022-12-30','00:00:00','00:00:00'),(610,10008,'2022-01-09','08:01:00','17:00:00'),(611,10008,'2022-02-09','08:00:00','17:00:00'),(612,10008,'2022-05-09','08:00:00','17:00:00'),(613,10008,'2022-06-09','08:10:00','17:00:00'),(614,10008,'2022-07-09','08:00:00','17:00:00'),(615,10008,'2022-08-09','08:00:00','17:00:00'),(616,10008,'2022-09-09','08:00:00','17:00:00'),(617,10008,'2022-12-09','08:01:00','17:00:00'),(618,10008,'2022-09-13','08:00:00','17:00:00'),(619,10008,'2022-09-14','08:00:00','17:00:00'),(620,10008,'2022-09-15','08:10:00','17:00:00'),(621,10008,'2022-09-16','08:00:00','17:00:00'),(622,10008,'2022-09-19','08:00:00','17:00:00'),(623,10008,'2022-09-20','08:00:00','17:00:00'),(624,10008,'2022-09-21','08:01:00','17:00:00'),(625,10008,'2022-09-22','08:00:00','17:00:00'),(626,10008,'2022-09-23','08:00:00','17:00:00'),(627,10008,'2022-09-26','08:10:00','17:00:00'),(628,10008,'2022-09-27','08:00:00','17:00:00'),(629,10008,'2022-09-28','08:00:00','17:00:00'),(630,10008,'2022-09-29','08:00:00','17:00:00'),(631,10008,'2022-09-30','08:01:00','17:00:00'),(632,10008,'2022-03-10','08:00:00','17:00:00'),(633,10008,'2022-04-10','08:00:00','17:00:00'),(634,10008,'2022-05-10','08:10:00','17:00:00'),(635,10008,'2022-06-10','08:00:00','17:00:00'),(636,10008,'2022-07-10','08:00:00','17:00:00'),(637,10008,'2022-10-10','08:00:00','17:00:00'),(638,10008,'2022-11-10','08:01:00','17:00:00'),(639,10008,'2022-12-10','08:00:00','17:00:00'),(640,10008,'2022-10-13','08:00:00','17:00:00'),(641,10008,'2022-10-14','08:10:00','17:00:00'),(642,10008,'2022-10-17','08:00:00','17:00:00'),(643,10008,'2022-10-18','08:00:00','17:00:00'),(644,10008,'2022-10-19','08:00:00','17:00:00'),(645,10008,'2022-10-20','08:01:00','17:00:00'),(646,10008,'2022-10-21','08:00:00','17:00:00'),(647,10008,'2022-10-24','08:00:00','17:00:00'),(648,10008,'2022-10-25','08:10:00','17:00:00'),(649,10008,'2022-10-26','08:00:00','17:00:00'),(650,10008,'2022-10-27','08:00:00','17:00:00'),(651,10008,'2022-10-28','08:00:00','17:00:00'),(652,10008,'2022-10-31','08:01:00','17:00:00'),(653,10008,'2022-01-11','00:00:00','00:00:00'),(654,10008,'2022-02-11','08:00:00','17:00:00'),(655,10008,'2022-03-11','08:10:00','17:00:00'),(656,10008,'2022-04-11','08:00:00','17:00:00'),(657,10008,'2022-07-11','08:00:00','17:00:00'),(658,10008,'2022-08-11','08:00:00','17:00:00'),(659,10008,'2022-09-11','08:01:00','17:00:00'),(660,10008,'2022-10-11','08:00:00','17:00:00'),(661,10008,'2022-11-11','08:00:00','17:00:00'),(662,10008,'2022-11-14','08:10:00','17:00:00'),(663,10008,'2022-11-15','08:00:00','17:00:00'),(664,10008,'2022-11-16','08:00:00','17:00:00'),(665,10008,'2022-11-17','08:00:00','17:00:00'),(666,10008,'2022-11-18','08:01:00','17:00:00'),(667,10008,'2022-11-21','08:00:00','17:00:00'),(668,10008,'2022-11-22','08:00:00','17:00:00'),(669,10008,'2022-11-23','08:10:00','17:00:00'),(670,10008,'2022-11-24','08:00:00','17:00:00'),(671,10008,'2022-11-25','08:00:00','17:00:00'),(672,10008,'2022-11-28','08:00:00','17:00:00'),(673,10008,'2022-11-29','08:01:00','17:00:00'),(674,10008,'2022-11-30','00:00:00','00:00:00'),(675,10008,'2022-01-12','08:00:00','17:00:00'),(676,10008,'2022-02-12','08:10:00','17:00:00'),(677,10008,'2022-05-12','08:00:00','17:00:00'),(678,10008,'2022-06-12','08:00:00','17:00:00'),(679,10008,'2022-07-12','08:00:00','17:00:00'),(680,10008,'2022-08-12','00:00:00','00:00:00'),(681,10008,'2022-09-12','08:00:00','17:00:00'),(682,10008,'2022-12-12','08:00:00','17:00:00'),(683,10008,'2022-12-13','08:10:00','17:00:00'),(684,10008,'2022-12-14','08:00:00','17:00:00'),(685,10008,'2022-12-15','08:00:00','17:00:00'),(686,10008,'2022-12-16','08:00:00','17:00:00'),(687,10008,'2022-12-19','08:01:00','17:00:00'),(688,10008,'2022-12-20','08:00:00','17:00:00'),(689,10008,'2022-12-21','08:00:00','17:00:00'),(690,10008,'2022-12-22','08:10:00','17:00:00'),(691,10008,'2022-12-23','08:00:00','17:00:00'),(692,10008,'2022-12-26','08:00:00','17:00:00'),(693,10008,'2022-12-27','08:00:00','17:00:00'),(694,10008,'2022-12-28','08:01:00','17:00:00'),(695,10008,'2022-12-29','08:00:00','17:00:00'),(696,10008,'2022-12-30','00:00:00','00:00:00'),(697,10009,'2022-01-09','08:05:00','17:00:00'),(698,10009,'2022-02-09','08:00:00','17:00:00'),(699,10009,'2022-05-09','08:00:00','17:00:00'),(700,10009,'2022-06-09','00:00:00','00:00:00'),(701,10009,'2022-07-09','00:00:00','00:00:00'),(702,10009,'2022-08-09','00:00:00','00:00:00'),(703,10009,'2022-09-09','00:00:00','00:00:00'),(704,10009,'2022-12-09','00:00:00','00:00:00'),(705,10009,'2022-09-13','08:00:00','17:00:00'),(706,10009,'2022-09-14','08:00:00','17:00:00'),(707,10009,'2022-09-15','08:00:00','17:00:00'),(708,10009,'2022-09-16','08:00:00','17:00:00'),(709,10009,'2022-09-19','08:00:00','17:00:00'),(710,10009,'2022-09-20','08:00:00','17:00:00'),(711,10009,'2022-09-21','08:05:00','17:00:00'),(712,10009,'2022-09-22','08:00:00','17:00:00'),(713,10009,'2022-09-23','08:00:00','17:00:00'),(714,10009,'2022-09-26','08:00:00','17:00:00'),(715,10009,'2022-09-27','08:00:00','17:00:00'),(716,10009,'2022-09-28','08:00:00','17:00:00'),(717,10009,'2022-09-29','08:00:00','17:00:00'),(718,10009,'2022-09-30','08:05:00','17:00:00'),(719,10009,'2022-03-10','08:00:00','17:00:00'),(720,10009,'2022-04-10','08:00:00','17:00:00'),(721,10009,'2022-05-10','00:00:00','00:00:00'),(722,10009,'2022-06-10','08:00:00','17:00:00'),(723,10009,'2022-07-10','08:00:00','17:00:00'),(724,10009,'2022-10-10','08:00:00','17:00:00'),(725,10009,'2022-11-10','08:05:00','17:00:00'),(726,10009,'2022-12-10','08:00:00','17:00:00'),(727,10009,'2022-10-13','08:00:00','17:00:00'),(728,10009,'2022-10-14','08:00:00','17:00:00'),(729,10009,'2022-10-17','08:00:00','17:00:00'),(730,10009,'2022-10-18','08:00:00','17:00:00'),(731,10009,'2022-10-19','08:00:00','17:00:00'),(732,10009,'2022-10-20','08:05:00','17:00:00'),(733,10009,'2022-10-21','08:00:00','17:00:00'),(734,10009,'2022-10-24','08:00:00','17:00:00'),(735,10009,'2022-10-25','08:00:00','17:00:00'),(736,10009,'2022-10-26','08:00:00','17:00:00'),(737,10009,'2022-10-27','08:00:00','17:00:00'),(738,10009,'2022-10-28','08:00:00','17:00:00'),(739,10009,'2022-10-31','08:05:00','17:00:00'),(740,10009,'2022-01-11','00:00:00','00:00:00'),(741,10009,'2022-02-11','08:00:00','17:00:00'),(742,10009,'2022-03-11','08:00:00','17:00:00'),(743,10009,'2022-04-11','08:00:00','17:00:00'),(744,10009,'2022-07-11','08:00:00','17:00:00'),(745,10009,'2022-08-11','08:00:00','17:00:00'),(746,10009,'2022-09-11','08:05:00','17:00:00'),(747,10009,'2022-10-11','08:00:00','17:00:00'),(748,10009,'2022-11-11','08:00:00','17:00:00'),(749,10009,'2022-11-14','08:00:00','17:00:00'),(750,10009,'2022-11-15','08:00:00','17:00:00'),(751,10009,'2022-11-16','08:00:00','17:00:00'),(752,10009,'2022-11-17','08:00:00','17:00:00'),(753,10009,'2022-11-18','08:05:00','17:00:00'),(754,10009,'2022-11-21','08:00:00','17:00:00'),(755,10009,'2022-11-22','08:00:00','17:00:00'),(756,10009,'2022-11-23','08:00:00','17:00:00'),(757,10009,'2022-11-24','08:00:00','17:00:00'),(758,10009,'2022-11-25','08:00:00','17:00:00'),(759,10009,'2022-11-28','08:00:00','17:00:00'),(760,10009,'2022-11-29','08:05:00','17:00:00'),(761,10009,'2022-11-30','00:00:00','00:00:00'),(762,10009,'2022-01-12','08:00:00','17:00:00'),(763,10009,'2022-02-12','08:00:00','17:00:00'),(764,10009,'2022-05-12','08:00:00','17:00:00'),(765,10009,'2022-06-12','08:00:00','17:00:00'),(766,10009,'2022-07-12','08:00:00','17:00:00'),(767,10009,'2022-08-12','00:00:00','00:00:00'),(768,10009,'2022-09-12','08:00:00','17:00:00'),(769,10009,'2022-12-12','08:00:00','17:00:00'),(770,10009,'2022-12-13','08:00:00','17:00:00'),(771,10009,'2022-12-14','08:00:00','17:00:00'),(772,10009,'2022-12-15','08:00:00','17:00:00'),(773,10009,'2022-12-16','08:00:00','17:00:00'),(774,10009,'2022-12-19','08:05:00','17:00:00'),(775,10009,'2022-12-20','08:00:00','17:00:00'),(776,10009,'2022-12-21','08:00:00','17:00:00'),(777,10009,'2022-12-22','08:00:00','17:00:00'),(778,10009,'2022-12-23','08:00:00','17:00:00'),(779,10009,'2022-12-26','08:00:00','17:00:00'),(780,10009,'2022-12-27','08:00:00','17:00:00'),(781,10009,'2022-12-28','08:05:00','17:00:00'),(782,10009,'2022-12-29','08:00:00','17:00:00'),(783,10009,'2022-12-30','00:00:00','00:00:00'),(784,10010,'2022-01-09','08:00:00','17:00:00'),(785,10010,'2022-02-09','08:00:00','17:00:00'),(786,10010,'2022-05-09','08:00:00','17:00:00'),(787,10010,'2022-06-09','08:00:00','17:00:00'),(788,10010,'2022-07-09','08:00:00','17:00:00'),(789,10010,'2022-08-09','08:00:00','17:00:00'),(790,10010,'2022-09-09','08:00:00','17:00:00'),(791,10010,'2022-12-09','08:00:00','17:00:00'),(792,10010,'2022-09-13','08:00:00','17:00:00'),(793,10010,'2022-09-14','08:00:00','17:00:00'),(794,10010,'2022-09-15','08:00:00','17:00:00'),(795,10010,'2022-09-16','08:00:00','17:00:00'),(796,10010,'2022-09-19','08:00:00','17:00:00'),(797,10010,'2022-09-20','08:00:00','17:00:00'),(798,10010,'2022-09-21','08:00:00','17:00:00'),(799,10010,'2022-09-22','08:00:00','17:00:00'),(800,10010,'2022-09-23','08:00:00','17:00:00'),(801,10010,'2022-09-26','08:00:00','17:00:00'),(802,10010,'2022-09-27','08:00:00','17:00:00'),(803,10010,'2022-09-28','08:00:00','17:00:00'),(804,10010,'2022-09-29','08:00:00','17:00:00'),(805,10010,'2022-09-30','08:00:00','17:00:00'),(806,10010,'2022-03-10','08:00:00','17:00:00'),(807,10010,'2022-04-10','08:00:00','17:00:00'),(808,10010,'2022-05-10','08:00:00','17:00:00'),(809,10010,'2022-06-10','08:00:00','17:00:00'),(810,10010,'2022-07-10','08:00:00','17:00:00'),(811,10010,'2022-10-10','08:00:00','17:00:00'),(812,10010,'2022-11-10','00:00:00','00:00:00'),(813,10010,'2022-12-10','08:00:00','17:00:00'),(814,10010,'2022-10-13','08:00:00','17:00:00'),(815,10010,'2022-10-14','08:00:00','17:00:00'),(816,10010,'2022-10-17','08:00:00','17:00:00'),(817,10010,'2022-10-18','08:00:00','17:00:00'),(818,10010,'2022-10-19','08:00:00','17:00:00'),(819,10010,'2022-10-20','08:00:00','17:00:00'),(820,10010,'2022-10-21','00:00:00','00:00:00'),(821,10010,'2022-10-24','08:00:00','17:00:00'),(822,10010,'2022-10-25','08:00:00','17:00:00'),(823,10010,'2022-10-26','08:00:00','17:00:00'),(824,10010,'2022-10-27','08:00:00','17:00:00'),(825,10010,'2022-10-28','08:00:00','17:00:00'),(826,10010,'2022-10-31','08:00:00','17:00:00'),(827,10010,'2022-01-11','00:00:00','00:00:00'),(828,10010,'2022-02-11','08:00:00','17:00:00'),(829,10010,'2022-03-11','08:00:00','17:00:00'),(830,10010,'2022-04-11','08:00:00','17:00:00'),(831,10010,'2022-07-11','08:00:00','17:00:00'),(832,10010,'2022-08-11','08:00:00','17:00:00'),(833,10010,'2022-09-11','08:00:00','17:00:00'),(834,10010,'2022-10-11','08:00:00','17:00:00'),(835,10010,'2022-11-11','08:00:00','17:00:00'),(836,10010,'2022-11-14','08:00:00','17:00:00'),(837,10010,'2022-11-15','08:00:00','17:00:00'),(838,10010,'2022-11-16','08:00:00','17:00:00'),(839,10010,'2022-11-17','08:00:00','17:00:00'),(840,10010,'2022-11-18','08:00:00','17:00:00'),(841,10010,'2022-11-21','08:00:00','17:00:00'),(842,10010,'2022-11-22','08:00:00','17:00:00'),(843,10010,'2022-11-23','08:00:00','17:00:00'),(844,10010,'2022-11-24','08:00:00','17:00:00'),(845,10010,'2022-11-25','08:00:00','17:00:00'),(846,10010,'2022-11-28','08:00:00','17:00:00'),(847,10010,'2022-11-29','08:00:00','17:00:00'),(848,10010,'2022-11-30','00:00:00','00:00:00'),(849,10010,'2022-01-12','08:00:00','17:00:00'),(850,10010,'2022-02-12','08:00:00','17:00:00'),(851,10010,'2022-05-12','08:00:00','17:00:00'),(852,10010,'2022-06-12','08:00:00','17:00:00'),(853,10010,'2022-07-12','08:00:00','17:00:00'),(854,10010,'2022-08-12','00:00:00','00:00:00'),(855,10010,'2022-09-12','08:00:00','17:00:00'),(856,10010,'2022-12-12','08:00:00','17:00:00'),(857,10010,'2022-12-13','08:00:00','17:00:00'),(858,10010,'2022-12-14','08:00:00','17:00:00'),(859,10010,'2022-12-15','08:00:00','17:00:00'),(860,10010,'2022-12-16','08:00:00','17:00:00'),(861,10010,'2022-12-19','08:00:00','17:00:00'),(862,10010,'2022-12-20','08:00:00','17:00:00'),(863,10010,'2022-12-21','08:00:00','17:00:00'),(864,10010,'2022-12-22','08:00:00','17:00:00'),(865,10010,'2022-12-23','08:00:00','17:00:00'),(866,10010,'2022-12-26','08:00:00','17:00:00'),(867,10010,'2022-12-27','08:00:00','17:00:00'),(868,10010,'2022-12-28','08:00:00','17:00:00'),(869,10010,'2022-12-29','08:00:00','17:00:00'),(870,10010,'2022-12-30','00:00:00','00:00:00'),(871,10011,'2022-01-09','08:00:00','17:00:00'),(872,10011,'2022-02-09','08:00:00','17:00:00'),(873,10011,'2022-05-09','10:30:00','17:00:00'),(874,10011,'2022-06-09','08:00:00','17:00:00'),(875,10011,'2022-07-09','08:00:00','17:00:00'),(876,10011,'2022-08-09','08:00:00','17:00:00'),(877,10011,'2022-09-09','08:00:00','17:00:00'),(878,10011,'2022-12-09','08:00:00','17:00:00'),(879,10011,'2022-09-13','08:00:00','17:00:00'),(880,10011,'2022-09-14','10:30:00','17:00:00'),(881,10011,'2022-09-15','08:00:00','17:00:00'),(882,10011,'2022-09-16','08:00:00','17:00:00'),(883,10011,'2022-09-19','08:00:00','17:00:00'),(884,10011,'2022-09-20','08:00:00','17:00:00'),(885,10011,'2022-09-21','08:00:00','17:00:00'),(886,10011,'2022-09-22','08:00:00','17:00:00'),(887,10011,'2022-09-23','10:30:00','17:00:00'),(888,10011,'2022-09-26','08:00:00','17:00:00'),(889,10011,'2022-09-27','08:00:00','17:00:00'),(890,10011,'2022-09-28','08:00:00','17:00:00'),(891,10011,'2022-09-29','08:00:00','17:00:00'),(892,10011,'2022-09-30','08:00:00','17:00:00'),(893,10011,'2022-03-10','08:00:00','17:00:00'),(894,10011,'2022-04-10','10:30:00','17:00:00'),(895,10011,'2022-05-10','08:00:00','17:00:00'),(896,10011,'2022-06-10','08:00:00','17:00:00'),(897,10011,'2022-07-10','08:00:00','17:00:00'),(898,10011,'2022-10-10','08:00:00','17:00:00'),(899,10011,'2022-11-10','08:00:00','17:00:00'),(900,10011,'2022-12-10','08:00:00','17:00:00'),(901,10011,'2022-10-13','10:30:00','17:00:00'),(902,10011,'2022-10-14','08:00:00','17:00:00'),(903,10011,'2022-10-17','08:00:00','17:00:00'),(904,10011,'2022-10-18','08:00:00','17:00:00'),(905,10011,'2022-10-19','08:00:00','17:00:00'),(906,10011,'2022-10-20','08:00:00','17:00:00'),(907,10011,'2022-10-21','08:00:00','17:00:00'),(908,10011,'2022-10-24','10:30:00','17:00:00'),(909,10011,'2022-10-25','08:00:00','17:00:00'),(910,10011,'2022-10-26','08:00:00','17:00:00'),(911,10011,'2022-10-27','08:00:00','17:00:00'),(912,10011,'2022-10-28','08:00:00','17:00:00'),(913,10011,'2022-10-31','08:00:00','17:00:00'),(914,10011,'2022-01-11','00:00:00','00:00:00'),(915,10011,'2022-02-11','10:30:00','17:00:00'),(916,10011,'2022-03-11','08:00:00','17:00:00'),(917,10011,'2022-04-11','08:00:00','17:00:00'),(918,10011,'2022-07-11','08:00:00','17:00:00'),(919,10011,'2022-08-11','08:00:00','17:00:00'),(920,10011,'2022-09-11','08:00:00','17:00:00'),(921,10011,'2022-10-11','08:00:00','17:00:00'),(922,10011,'2022-11-11','10:30:00','17:00:00'),(923,10011,'2022-11-14','08:00:00','17:00:00'),(924,10011,'2022-11-15','08:00:00','17:00:00'),(925,10011,'2022-11-16','08:00:00','17:00:00'),(926,10011,'2022-11-17','08:00:00','17:00:00'),(927,10011,'2022-11-18','08:00:00','17:00:00'),(928,10011,'2022-11-21','08:00:00','17:00:00'),(929,10011,'2022-11-22','10:30:00','17:00:00'),(930,10011,'2022-11-23','08:00:00','17:00:00'),(931,10011,'2022-11-24','08:00:00','17:00:00'),(932,10011,'2022-11-25','08:00:00','17:00:00'),(933,10011,'2022-11-28','08:00:00','17:00:00'),(934,10011,'2022-11-29','08:00:00','17:00:00'),(935,10011,'2022-11-30','00:00:00','00:00:00'),(936,10011,'2022-01-12','10:30:00','17:00:00'),(937,10011,'2022-02-12','08:00:00','17:00:00'),(938,10011,'2022-05-12','08:00:00','17:00:00'),(939,10011,'2022-06-12','08:00:00','17:00:00'),(940,10011,'2022-07-12','08:00:00','17:00:00'),(941,10011,'2022-08-12','00:00:00','00:00:00'),(942,10011,'2022-09-12','08:00:00','17:00:00'),(943,10011,'2022-12-12','10:30:00','17:00:00'),(944,10011,'2022-12-13','08:00:00','17:00:00'),(945,10011,'2022-12-14','08:00:00','17:00:00'),(946,10011,'2022-12-15','08:00:00','17:00:00'),(947,10011,'2022-12-16','08:00:00','17:00:00'),(948,10011,'2022-12-19','08:00:00','17:00:00'),(949,10011,'2022-12-20','08:00:00','17:00:00'),(950,10011,'2022-12-21','10:30:00','17:00:00'),(951,10011,'2022-12-22','08:00:00','17:00:00'),(952,10011,'2022-12-23','08:00:00','17:00:00'),(953,10011,'2022-12-26','08:00:00','17:00:00'),(954,10011,'2022-12-27','08:00:00','17:00:00'),(955,10011,'2022-12-28','08:00:00','17:00:00'),(956,10011,'2022-12-29','08:00:00','17:00:00'),(957,10011,'2022-12-30','00:00:00','00:00:00'),(958,10012,'2022-01-09','08:00:00','17:00:00'),(959,10012,'2022-02-09','08:00:00','17:00:00'),(960,10012,'2022-05-09','08:00:00','17:00:00'),(961,10012,'2022-06-09','08:00:00','17:00:00'),(962,10012,'2022-07-09','08:00:00','17:00:00'),(963,10012,'2022-08-09','08:00:00','17:00:00'),(964,10012,'2022-09-09','08:00:00','17:00:00'),(965,10012,'2022-12-09','08:00:00','17:00:00'),(966,10012,'2022-09-13','08:00:00','17:00:00'),(967,10012,'2022-09-14','08:00:00','17:00:00'),(968,10012,'2022-09-15','08:00:00','17:00:00'),(969,10012,'2022-09-16','08:00:00','17:00:00'),(970,10012,'2022-09-19','08:00:00','17:00:00'),(971,10012,'2022-09-20','08:00:00','17:00:00'),(972,10012,'2022-09-21','08:00:00','17:00:00'),(973,10012,'2022-09-22','08:00:00','17:00:00'),(974,10012,'2022-09-23','08:00:00','17:00:00'),(975,10012,'2022-09-26','08:00:00','17:00:00'),(976,10012,'2022-09-27','08:00:00','17:00:00'),(977,10012,'2022-09-28','08:00:00','17:00:00'),(978,10012,'2022-09-29','08:00:00','17:00:00'),(979,10012,'2022-09-30','08:00:00','17:00:00'),(980,10012,'2022-03-10','08:00:00','17:00:00'),(981,10012,'2022-04-10','08:00:00','17:00:00'),(982,10012,'2022-05-10','08:00:00','17:00:00'),(983,10012,'2022-06-10','08:00:00','17:00:00'),(984,10012,'2022-07-10','08:00:00','17:00:00'),(985,10012,'2022-10-10','08:00:00','17:00:00'),(986,10012,'2022-11-10','08:00:00','17:00:00'),(987,10012,'2022-12-10','08:00:00','17:00:00'),(988,10012,'2022-10-13','08:00:00','17:00:00'),(989,10012,'2022-10-14','08:00:00','17:00:00'),(990,10012,'2022-10-17','08:00:00','17:00:00'),(991,10012,'2022-10-18','08:00:00','17:00:00'),(992,10012,'2022-10-19','08:00:00','17:00:00'),(993,10012,'2022-10-20','08:00:00','17:00:00'),(994,10012,'2022-10-21','08:00:00','17:00:00'),(995,10012,'2022-10-24','08:00:00','17:00:00'),(996,10012,'2022-10-25','08:00:00','17:00:00'),(997,10012,'2022-10-26','08:00:00','17:00:00'),(998,10012,'2022-10-27','08:00:00','17:00:00'),(999,10012,'2022-10-28','08:00:00','17:00:00'),(1000,10012,'2022-10-31','08:00:00','17:00:00'),(1001,10012,'2022-01-11','00:00:00','00:00:00'),(1002,10012,'2022-02-11','08:00:00','17:00:00'),(1003,10012,'2022-03-11','08:00:00','17:00:00'),(1004,10012,'2022-04-11','08:00:00','17:00:00'),(1005,10012,'2022-07-11','08:00:00','17:00:00'),(1006,10012,'2022-08-11','08:00:00','17:00:00'),(1007,10012,'2022-09-11','08:00:00','17:00:00'),(1008,10012,'2022-10-11','08:00:00','17:00:00'),(1009,10012,'2022-11-11','08:00:00','17:00:00'),(1010,10012,'2022-11-14','08:00:00','17:00:00'),(1011,10012,'2022-11-15','08:00:00','17:00:00'),(1012,10012,'2022-11-16','08:00:00','17:00:00'),(1013,10012,'2022-11-17','08:00:00','17:00:00'),(1014,10012,'2022-11-18','08:00:00','17:00:00'),(1015,10012,'2022-11-21','08:00:00','17:00:00'),(1016,10012,'2022-11-22','08:00:00','17:00:00'),(1017,10012,'2022-11-23','08:00:00','17:00:00'),(1018,10012,'2022-11-24','08:00:00','17:00:00'),(1019,10012,'2022-11-25','08:00:00','17:00:00'),(1020,10012,'2022-11-28','08:00:00','17:00:00'),(1021,10012,'2022-11-29','08:00:00','17:00:00'),(1022,10012,'2022-11-30','00:00:00','00:00:00'),(1023,10012,'2022-01-12','08:00:00','17:00:00'),(1024,10012,'2022-02-12','08:00:00','17:00:00'),(1025,10012,'2022-05-12','08:00:00','17:00:00'),(1026,10012,'2022-06-12','08:00:00','17:00:00'),(1027,10012,'2022-07-12','08:00:00','17:00:00'),(1028,10012,'2022-08-12','00:00:00','00:00:00'),(1029,10012,'2022-09-12','08:00:00','17:00:00'),(1030,10012,'2022-12-12','08:00:00','17:00:00'),(1031,10012,'2022-12-13','08:00:00','17:00:00'),(1032,10012,'2022-12-14','08:00:00','17:00:00'),(1033,10012,'2022-12-15','08:00:00','17:00:00'),(1034,10012,'2022-12-16','08:00:00','17:00:00'),(1035,10012,'2022-12-19','08:00:00','17:00:00'),(1036,10012,'2022-12-20','08:00:00','17:00:00'),(1037,10012,'2022-12-21','08:00:00','17:00:00'),(1038,10012,'2022-12-22','08:00:00','17:00:00'),(1039,10012,'2022-12-23','08:00:00','17:00:00'),(1040,10012,'2022-12-26','08:00:00','17:00:00'),(1041,10012,'2022-12-27','08:00:00','17:00:00'),(1042,10012,'2022-12-28','08:00:00','17:00:00'),(1043,10012,'2022-12-29','08:00:00','17:00:00'),(1044,10012,'2022-12-30','00:00:00','00:00:00'),(1045,10013,'2022-01-09','08:00:00','17:00:00'),(1046,10013,'2022-02-09','08:00:00','17:00:00'),(1047,10013,'2022-05-09','08:00:00','17:00:00'),(1048,10013,'2022-06-09','08:00:00','17:00:00'),(1049,10013,'2022-07-09','08:00:00','17:00:00'),(1050,10013,'2022-08-09','10:00:00','17:00:00'),(1051,10013,'2022-09-09','08:00:00','17:00:00'),(1052,10013,'2022-12-09','08:00:00','17:00:00'),(1053,10013,'2022-09-13','08:00:00','17:00:00'),(1054,10013,'2022-09-14','08:00:00','17:00:00'),(1055,10013,'2022-09-15','08:00:00','17:00:00'),(1056,10013,'2022-09-16','08:00:00','17:00:00'),(1057,10013,'2022-09-19','10:00:00','17:00:00'),(1058,10013,'2022-09-20','08:00:00','17:00:00'),(1059,10013,'2022-09-21','08:00:00','17:00:00'),(1060,10013,'2022-09-22','08:00:00','17:00:00'),(1061,10013,'2022-09-23','08:00:00','17:00:00'),(1062,10013,'2022-09-26','08:00:00','17:00:00'),(1063,10013,'2022-09-27','08:00:00','17:00:00'),(1064,10013,'2022-09-28','10:00:00','17:00:00'),(1065,10013,'2022-09-29','08:00:00','17:00:00'),(1066,10013,'2022-09-30','08:00:00','17:00:00'),(1067,10013,'2022-03-10','08:00:00','17:00:00'),(1068,10013,'2022-04-10','08:00:00','17:00:00'),(1069,10013,'2022-05-10','08:00:00','17:00:00'),(1070,10013,'2022-06-10','08:00:00','17:00:00'),(1071,10013,'2022-07-10','10:00:00','17:00:00'),(1072,10013,'2022-10-10','08:00:00','17:00:00'),(1073,10013,'2022-11-10','08:00:00','17:00:00'),(1074,10013,'2022-12-10','08:00:00','17:00:00'),(1075,10013,'2022-10-13','08:00:00','17:00:00'),(1076,10013,'2022-10-14','08:00:00','17:00:00'),(1077,10013,'2022-10-17','08:00:00','17:00:00'),(1078,10013,'2022-10-18','10:00:00','17:00:00'),(1079,10013,'2022-10-19','08:00:00','17:00:00'),(1080,10013,'2022-10-20','08:00:00','17:00:00'),(1081,10013,'2022-10-21','08:00:00','17:00:00'),(1082,10013,'2022-10-24','08:00:00','17:00:00'),(1083,10013,'2022-10-25','08:00:00','17:00:00'),(1084,10013,'2022-10-26','08:00:00','17:00:00'),(1085,10013,'2022-10-27','10:00:00','17:00:00'),(1086,10013,'2022-10-28','08:00:00','17:00:00'),(1087,10013,'2022-10-31','08:00:00','17:00:00'),(1088,10013,'2022-01-11','00:00:00','00:00:00'),(1089,10013,'2022-02-11','08:00:00','17:00:00'),(1090,10013,'2022-03-11','08:00:00','17:00:00'),(1091,10013,'2022-04-11','08:00:00','17:00:00'),(1092,10013,'2022-07-11','10:00:00','17:00:00'),(1093,10013,'2022-08-11','08:00:00','17:00:00'),(1094,10013,'2022-09-11','08:00:00','17:00:00'),(1095,10013,'2022-10-11','08:00:00','17:00:00'),(1096,10013,'2022-11-11','08:00:00','17:00:00'),(1097,10013,'2022-11-14','08:00:00','17:00:00'),(1098,10013,'2022-11-15','08:00:00','17:00:00'),(1099,10013,'2022-11-16','10:00:00','17:00:00'),(1100,10013,'2022-11-17','08:00:00','17:00:00'),(1101,10013,'2022-11-18','08:00:00','17:00:00'),(1102,10013,'2022-11-21','08:00:00','17:00:00'),(1103,10013,'2022-11-22','08:00:00','17:00:00'),(1104,10013,'2022-11-23','08:00:00','17:00:00'),(1105,10013,'2022-11-24','08:00:00','17:00:00'),(1106,10013,'2022-11-25','10:00:00','17:00:00'),(1107,10013,'2022-11-28','08:00:00','17:00:00'),(1108,10013,'2022-11-29','08:00:00','17:00:00'),(1109,10013,'2022-11-30','00:00:00','00:00:00'),(1110,10013,'2022-01-12','08:00:00','17:00:00'),(1111,10013,'2022-02-12','08:00:00','17:00:00'),(1112,10013,'2022-05-12','08:00:00','17:00:00'),(1113,10013,'2022-06-12','10:00:00','17:00:00'),(1114,10013,'2022-07-12','08:00:00','17:00:00'),(1115,10013,'2022-08-12','00:00:00','00:00:00'),(1116,10013,'2022-09-12','08:00:00','17:00:00'),(1117,10013,'2022-12-12','08:00:00','17:00:00'),(1118,10013,'2022-12-13','08:00:00','17:00:00'),(1119,10013,'2022-12-14','08:00:00','17:00:00'),(1120,10013,'2022-12-15','10:00:00','17:00:00'),(1121,10013,'2022-12-16','08:00:00','17:00:00'),(1122,10013,'2022-12-19','08:00:00','17:00:00'),(1123,10013,'2022-12-20','08:00:00','17:00:00'),(1124,10013,'2022-12-21','08:00:00','17:00:00'),(1125,10013,'2022-12-22','08:00:00','17:00:00'),(1126,10013,'2022-12-23','08:00:00','17:00:00'),(1127,10013,'2022-12-26','10:00:00','17:00:00'),(1128,10013,'2022-12-27','08:00:00','17:00:00'),(1129,10013,'2022-12-28','08:00:00','17:00:00'),(1130,10013,'2022-12-29','08:00:00','17:00:00'),(1131,10013,'2022-12-30','00:00:00','00:00:00'),(1132,10014,'2022-01-09','08:00:00','17:00:00'),(1133,10014,'2022-02-09','08:00:00','17:00:00'),(1134,10014,'2022-05-09','08:00:00','17:00:00'),(1135,10014,'2022-06-09','08:00:00','17:00:00'),(1136,10014,'2022-07-09','08:00:00','17:00:00'),(1137,10014,'2022-08-09','10:00:00','17:00:00'),(1138,10014,'2022-09-09','08:00:00','17:00:00'),(1139,10014,'2022-12-09','08:00:00','17:00:00'),(1140,10014,'2022-09-13','08:00:00','17:00:00'),(1141,10014,'2022-09-14','08:00:00','17:00:00'),(1142,10014,'2022-09-15','08:00:00','17:00:00'),(1143,10014,'2022-09-16','08:00:00','17:00:00'),(1144,10014,'2022-09-19','10:00:00','17:00:00'),(1145,10014,'2022-09-20','08:00:00','17:00:00'),(1146,10014,'2022-09-21','08:00:00','17:00:00'),(1147,10014,'2022-09-22','08:00:00','17:00:00'),(1148,10014,'2022-09-23','08:00:00','17:00:00'),(1149,10014,'2022-09-26','08:00:00','17:00:00'),(1150,10014,'2022-09-27','08:00:00','17:00:00'),(1151,10014,'2022-09-28','10:00:00','17:00:00'),(1152,10014,'2022-09-29','08:00:00','17:00:00'),(1153,10014,'2022-09-30','08:00:00','17:00:00'),(1154,10014,'2022-03-10','08:00:00','17:00:00'),(1155,10014,'2022-04-10','08:00:00','17:00:00'),(1156,10014,'2022-05-10','08:00:00','17:00:00'),(1157,10014,'2022-06-10','08:00:00','17:00:00'),(1158,10014,'2022-07-10','00:00:00','00:00:00'),(1159,10014,'2022-10-10','08:00:00','17:00:00'),(1160,10014,'2022-11-10','08:00:00','17:00:00'),(1161,10014,'2022-12-10','08:00:00','17:00:00'),(1162,10014,'2022-10-13','08:00:00','17:00:00'),(1163,10014,'2022-10-14','08:00:00','17:00:00'),(1164,10014,'2022-10-17','08:00:00','17:00:00'),(1165,10014,'2022-10-18','10:00:00','17:00:00'),(1166,10014,'2022-10-19','08:00:00','17:00:00'),(1167,10014,'2022-10-20','08:00:00','17:00:00'),(1168,10014,'2022-10-21','08:00:00','17:00:00'),(1169,10014,'2022-10-24','08:00:00','17:00:00'),(1170,10014,'2022-10-25','08:00:00','17:00:00'),(1171,10014,'2022-10-26','08:00:00','17:00:00'),(1172,10014,'2022-10-27','10:00:00','17:00:00'),(1173,10014,'2022-10-28','08:00:00','17:00:00'),(1174,10014,'2022-10-31','08:00:00','17:00:00'),(1175,10014,'2022-01-11','00:00:00','00:00:00'),(1176,10014,'2022-02-11','08:00:00','17:00:00'),(1177,10014,'2022-03-11','08:00:00','17:00:00'),(1178,10014,'2022-04-11','08:00:00','17:00:00'),(1179,10014,'2022-07-11','10:00:00','17:00:00'),(1180,10014,'2022-08-11','08:00:00','17:00:00'),(1181,10014,'2022-09-11','08:00:00','17:00:00'),(1182,10014,'2022-10-11','08:00:00','17:00:00'),(1183,10014,'2022-11-11','08:00:00','17:00:00'),(1184,10014,'2022-11-14','08:00:00','17:00:00'),(1185,10014,'2022-11-15','08:00:00','17:00:00'),(1186,10014,'2022-11-16','10:00:00','17:00:00'),(1187,10014,'2022-11-17','08:00:00','17:00:00'),(1188,10014,'2022-11-18','08:00:00','17:00:00'),(1189,10014,'2022-11-21','08:00:00','17:00:00'),(1190,10014,'2022-11-22','08:00:00','17:00:00'),(1191,10014,'2022-11-23','08:00:00','17:00:00'),(1192,10014,'2022-11-24','08:00:00','17:00:00'),(1193,10014,'2022-11-25','10:00:00','17:00:00'),(1194,10014,'2022-11-28','08:00:00','17:00:00'),(1195,10014,'2022-11-29','08:00:00','17:00:00'),(1196,10014,'2022-11-30','00:00:00','00:00:00'),(1197,10014,'2022-01-12','08:00:00','17:00:00'),(1198,10014,'2022-02-12','08:00:00','17:00:00'),(1199,10014,'2022-05-12','08:00:00','17:00:00'),(1200,10014,'2022-06-12','10:00:00','17:00:00'),(1201,10014,'2022-07-12','08:00:00','17:00:00'),(1202,10014,'2022-08-12','00:00:00','00:00:00'),(1203,10014,'2022-09-12','08:00:00','17:00:00'),(1204,10014,'2022-12-12','08:00:00','17:00:00'),(1205,10014,'2022-12-13','08:00:00','17:00:00'),(1206,10014,'2022-12-14','08:00:00','17:00:00'),(1207,10014,'2022-12-15','10:00:00','17:00:00'),(1208,10014,'2022-12-16','08:00:00','17:00:00'),(1209,10014,'2022-12-19','08:00:00','17:00:00'),(1210,10014,'2022-12-20','08:00:00','17:00:00'),(1211,10014,'2022-12-21','08:00:00','17:00:00'),(1212,10014,'2022-12-22','08:00:00','17:00:00'),(1213,10014,'2022-12-23','08:00:00','17:00:00'),(1214,10014,'2022-12-26','10:00:00','17:00:00'),(1215,10014,'2022-12-27','08:00:00','17:00:00'),(1216,10014,'2022-12-28','08:00:00','17:00:00'),(1217,10014,'2022-12-29','08:00:00','17:00:00'),(1218,10014,'2022-12-30','00:00:00','00:00:00'),(1219,10015,'2022-01-09','08:00:00','17:00:00'),(1220,10015,'2022-02-09','08:00:00','17:00:00'),(1221,10015,'2022-05-09','08:00:00','17:00:00'),(1222,10015,'2022-06-09','08:00:00','17:00:00'),(1223,10015,'2022-07-09','08:00:00','17:00:00'),(1224,10015,'2022-08-09','10:00:00','17:00:00'),(1225,10015,'2022-09-09','08:00:00','17:00:00'),(1226,10015,'2022-12-09','08:00:00','17:00:00'),(1227,10015,'2022-09-13','08:00:00','17:00:00'),(1228,10015,'2022-09-14','08:00:00','17:00:00'),(1229,10015,'2022-09-15','08:00:00','17:00:00'),(1230,10015,'2022-09-16','08:00:00','17:00:00'),(1231,10015,'2022-09-19','10:00:00','17:00:00'),(1232,10015,'2022-09-20','08:00:00','17:00:00'),(1233,10015,'2022-09-21','08:00:00','17:00:00'),(1234,10015,'2022-09-22','08:00:00','17:00:00'),(1235,10015,'2022-09-23','08:00:00','17:00:00'),(1236,10015,'2022-09-26','08:00:00','17:00:00'),(1237,10015,'2022-09-27','08:00:00','17:00:00'),(1238,10015,'2022-09-28','10:00:00','17:00:00'),(1239,10015,'2022-09-29','08:00:00','17:00:00'),(1240,10015,'2022-09-30','08:00:00','17:00:00'),(1241,10015,'2022-03-10','08:00:00','17:00:00'),(1242,10015,'2022-04-10','08:00:00','17:00:00'),(1243,10015,'2022-05-10','08:00:00','17:00:00'),(1244,10015,'2022-06-10','08:00:00','17:00:00'),(1245,10015,'2022-07-10','10:00:00','17:00:00'),(1246,10015,'2022-10-10','08:00:00','17:00:00'),(1247,10015,'2022-11-10','08:00:00','17:00:00'),(1248,10015,'2022-12-10','08:00:00','17:00:00'),(1249,10015,'2022-10-13','08:00:00','17:00:00'),(1250,10015,'2022-10-14','08:00:00','17:00:00'),(1251,10015,'2022-10-17','08:00:00','17:00:00'),(1252,10015,'2022-10-18','10:00:00','17:00:00'),(1253,10015,'2022-10-19','08:00:00','17:00:00'),(1254,10015,'2022-10-20','08:00:00','17:00:00'),(1255,10015,'2022-10-21','08:00:00','17:00:00'),(1256,10015,'2022-10-24','08:00:00','17:00:00'),(1257,10015,'2022-10-25','08:00:00','17:00:00'),(1258,10015,'2022-10-26','08:00:00','17:00:00'),(1259,10015,'2022-10-27','10:00:00','17:00:00'),(1260,10015,'2022-10-28','08:00:00','17:00:00'),(1261,10015,'2022-10-31','08:00:00','17:00:00'),(1262,10015,'2022-01-11','00:00:00','00:00:00'),(1263,10015,'2022-02-11','08:00:00','17:00:00'),(1264,10015,'2022-03-11','08:00:00','17:00:00'),(1265,10015,'2022-04-11','08:00:00','17:00:00'),(1266,10015,'2022-07-11','10:00:00','17:00:00'),(1267,10015,'2022-08-11','08:00:00','17:00:00'),(1268,10015,'2022-09-11','08:00:00','17:00:00'),(1269,10015,'2022-10-11','08:00:00','17:00:00'),(1270,10015,'2022-11-11','08:00:00','17:00:00'),(1271,10015,'2022-11-14','08:00:00','17:00:00'),(1272,10015,'2022-11-15','08:00:00','17:00:00'),(1273,10015,'2022-11-16','10:00:00','17:00:00'),(1274,10015,'2022-11-17','08:00:00','17:00:00'),(1275,10015,'2022-11-18','08:00:00','17:00:00'),(1276,10015,'2022-11-21','08:00:00','17:00:00'),(1277,10015,'2022-11-22','08:00:00','17:00:00'),(1278,10015,'2022-11-23','08:00:00','17:00:00'),(1279,10015,'2022-11-24','08:00:00','17:00:00'),(1280,10015,'2022-11-25','10:00:00','17:00:00'),(1281,10015,'2022-11-28','08:00:00','17:00:00'),(1282,10015,'2022-11-29','08:00:00','17:00:00'),(1283,10015,'2022-11-30','00:00:00','00:00:00'),(1284,10015,'2022-01-12','08:00:00','17:00:00'),(1285,10015,'2022-02-12','08:00:00','17:00:00'),(1286,10015,'2022-05-12','08:00:00','17:00:00'),(1287,10015,'2022-06-12','10:00:00','17:00:00'),(1288,10015,'2022-07-12','08:00:00','17:00:00'),(1289,10015,'2022-08-12','00:00:00','00:00:00'),(1290,10015,'2022-09-12','08:00:00','17:00:00'),(1291,10015,'2022-12-12','08:00:00','17:00:00'),(1292,10015,'2022-12-13','08:00:00','17:00:00'),(1293,10015,'2022-12-14','08:00:00','17:00:00'),(1294,10015,'2022-12-15','10:00:00','17:00:00'),(1295,10015,'2022-12-16','08:00:00','17:00:00'),(1296,10015,'2022-12-19','08:00:00','17:00:00'),(1297,10015,'2022-12-20','08:00:00','17:00:00'),(1298,10015,'2022-12-21','08:00:00','17:00:00'),(1299,10015,'2022-12-22','08:00:00','17:00:00'),(1300,10015,'2022-12-23','08:00:00','17:00:00'),(1301,10015,'2022-12-26','10:00:00','17:00:00'),(1302,10015,'2022-12-27','08:00:00','17:00:00'),(1303,10015,'2022-12-28','08:00:00','17:00:00'),(1304,10015,'2022-12-29','08:00:00','17:00:00'),(1305,10015,'2022-12-30','00:00:00','00:00:00'),(1306,10016,'2022-01-09','08:28:00','17:00:00'),(1307,10016,'2022-02-09','08:00:00','17:00:00'),(1308,10016,'2022-05-09','08:00:00','17:00:00'),(1309,10016,'2022-06-09','08:00:00','17:00:00'),(1310,10016,'2022-07-09','08:00:00','17:00:00'),(1311,10016,'2022-08-09','10:00:00','17:00:00'),(1312,10016,'2022-09-09','08:00:00','17:00:00'),(1313,10016,'2022-12-09','08:28:00','17:00:00'),(1314,10016,'2022-09-13','08:00:00','17:00:00'),(1315,10016,'2022-09-14','08:00:00','17:00:00'),(1316,10016,'2022-09-15','08:00:00','17:00:00'),(1317,10016,'2022-09-16','08:00:00','17:00:00'),(1318,10016,'2022-09-19','10:00:00','17:00:00'),(1319,10016,'2022-09-20','08:00:00','17:00:00'),(1320,10016,'2022-09-21','08:28:00','17:00:00'),(1321,10016,'2022-09-22','08:00:00','17:00:00'),(1322,10016,'2022-09-23','08:00:00','17:00:00'),(1323,10016,'2022-09-26','08:00:00','17:00:00'),(1324,10016,'2022-09-27','08:00:00','17:00:00'),(1325,10016,'2022-09-28','10:00:00','17:00:00'),(1326,10016,'2022-09-29','08:00:00','17:00:00'),(1327,10016,'2022-09-30','08:28:00','17:00:00'),(1328,10016,'2022-03-10','08:00:00','17:00:00'),(1329,10016,'2022-04-10','08:00:00','17:00:00'),(1330,10016,'2022-05-10','08:00:00','17:00:00'),(1331,10016,'2022-06-10','08:00:00','17:00:00'),(1332,10016,'2022-07-10','10:00:00','17:00:00'),(1333,10016,'2022-10-10','08:00:00','17:00:00'),(1334,10016,'2022-11-10','08:28:00','17:00:00'),(1335,10016,'2022-12-10','08:00:00','17:00:00'),(1336,10016,'2022-10-13','08:00:00','17:00:00'),(1337,10016,'2022-10-14','08:00:00','17:00:00'),(1338,10016,'2022-10-17','08:00:00','17:00:00'),(1339,10016,'2022-10-18','00:00:00','00:00:00'),(1340,10016,'2022-10-19','08:00:00','17:00:00'),(1341,10016,'2022-10-20','08:28:00','17:00:00'),(1342,10016,'2022-10-21','08:00:00','17:00:00'),(1343,10016,'2022-10-24','08:00:00','17:00:00'),(1344,10016,'2022-10-25','08:00:00','17:00:00'),(1345,10016,'2022-10-26','08:00:00','17:00:00'),(1346,10016,'2022-10-27','10:00:00','17:00:00'),(1347,10016,'2022-10-28','08:00:00','17:00:00'),(1348,10016,'2022-10-31','08:28:00','17:00:00'),(1349,10016,'2022-01-11','00:00:00','00:00:00'),(1350,10016,'2022-02-11','08:00:00','17:00:00'),(1351,10016,'2022-03-11','08:00:00','17:00:00'),(1352,10016,'2022-04-11','08:00:00','17:00:00'),(1353,10016,'2022-07-11','10:00:00','17:00:00'),(1354,10016,'2022-08-11','08:00:00','17:00:00'),(1355,10016,'2022-09-11','08:28:00','17:00:00'),(1356,10016,'2022-10-11','08:00:00','17:00:00'),(1357,10016,'2022-11-11','08:00:00','17:00:00'),(1358,10016,'2022-11-14','08:00:00','17:00:00'),(1359,10016,'2022-11-15','08:00:00','17:00:00'),(1360,10016,'2022-11-16','10:00:00','17:00:00'),(1361,10016,'2022-11-17','08:00:00','17:00:00'),(1362,10016,'2022-11-18','08:28:00','17:00:00'),(1363,10016,'2022-11-21','08:00:00','17:00:00'),(1364,10016,'2022-11-22','08:00:00','17:00:00'),(1365,10016,'2022-11-23','08:00:00','17:00:00'),(1366,10016,'2022-11-24','08:00:00','17:00:00'),(1367,10016,'2022-11-25','10:00:00','17:00:00'),(1368,10016,'2022-11-28','08:00:00','17:00:00'),(1369,10016,'2022-11-29','08:28:00','17:00:00'),(1370,10016,'2022-11-30','00:00:00','00:00:00'),(1371,10016,'2022-01-12','08:00:00','17:00:00'),(1372,10016,'2022-02-12','08:00:00','17:00:00'),(1373,10016,'2022-05-12','08:00:00','17:00:00'),(1374,10016,'2022-06-12','10:00:00','17:00:00'),(1375,10016,'2022-07-12','08:00:00','17:00:00'),(1376,10016,'2022-08-12','00:00:00','00:00:00'),(1377,10016,'2022-09-12','08:00:00','17:00:00'),(1378,10016,'2022-12-12','08:00:00','17:00:00'),(1379,10016,'2022-12-13','08:00:00','17:00:00'),(1380,10016,'2022-12-14','08:00:00','17:00:00'),(1381,10016,'2022-12-15','10:00:00','17:00:00'),(1382,10016,'2022-12-16','08:00:00','17:00:00'),(1383,10016,'2022-12-19','08:28:00','17:00:00'),(1384,10016,'2022-12-20','08:00:00','17:00:00'),(1385,10016,'2022-12-21','08:00:00','17:00:00'),(1386,10016,'2022-12-22','08:00:00','17:00:00'),(1387,10016,'2022-12-23','08:00:00','17:00:00'),(1388,10016,'2022-12-26','10:00:00','17:00:00'),(1389,10016,'2022-12-27','08:00:00','17:00:00'),(1390,10016,'2022-12-28','08:28:00','17:00:00'),(1391,10016,'2022-12-29','08:00:00','17:00:00'),(1392,10016,'2022-12-30','00:00:00','00:00:00'),(1393,10017,'2022-01-09','08:00:00','17:00:00'),(1394,10017,'2022-02-09','08:00:00','17:00:00'),(1395,10017,'2022-05-09','08:00:00','17:00:00'),(1396,10017,'2022-06-09','08:05:00','17:00:00'),(1397,10017,'2022-07-09','08:00:00','17:00:00'),(1398,10017,'2022-08-09','10:00:00','17:00:00'),(1399,10017,'2022-09-09','08:00:00','17:00:00'),(1400,10017,'2022-12-09','08:00:00','17:00:00'),(1401,10017,'2022-09-13','00:00:00','00:00:00'),(1402,10017,'2022-09-14','08:00:00','17:00:00'),(1403,10017,'2022-09-15','08:05:00','17:00:00'),(1404,10017,'2022-09-16','08:00:00','17:00:00'),(1405,10017,'2022-09-19','00:00:00','00:00:00'),(1406,10017,'2022-09-20','08:00:00','17:00:00'),(1407,10017,'2022-09-21','08:00:00','17:00:00'),(1408,10017,'2022-09-22','08:00:00','17:00:00'),(1409,10017,'2022-09-23','08:00:00','17:00:00'),(1410,10017,'2022-09-26','08:05:00','17:00:00'),(1411,10017,'2022-09-27','00:00:00','00:00:00'),(1412,10017,'2022-09-28','10:00:00','17:00:00'),(1413,10017,'2022-09-29','08:00:00','17:00:00'),(1414,10017,'2022-09-30','08:00:00','17:00:00'),(1415,10017,'2022-03-10','08:00:00','17:00:00'),(1416,10017,'2022-04-10','08:00:00','17:00:00'),(1417,10017,'2022-05-10','08:05:00','17:00:00'),(1418,10017,'2022-06-10','08:00:00','17:00:00'),(1419,10017,'2022-07-10','10:00:00','17:00:00'),(1420,10017,'2022-10-10','08:00:00','17:00:00'),(1421,10017,'2022-11-10','08:00:00','17:00:00'),(1422,10017,'2022-12-10','08:00:00','17:00:00'),(1423,10017,'2022-10-13','08:00:00','17:00:00'),(1424,10017,'2022-10-14','08:05:00','17:00:00'),(1425,10017,'2022-10-17','08:00:00','17:00:00'),(1426,10017,'2022-10-18','10:00:00','17:00:00'),(1427,10017,'2022-10-19','08:00:00','17:00:00'),(1428,10017,'2022-10-20','08:00:00','17:00:00'),(1429,10017,'2022-10-21','08:00:00','17:00:00'),(1430,10017,'2022-10-24','08:00:00','17:00:00'),(1431,10017,'2022-10-25','08:05:00','17:00:00'),(1432,10017,'2022-10-26','08:00:00','17:00:00'),(1433,10017,'2022-10-27','10:00:00','17:00:00'),(1434,10017,'2022-10-28','08:00:00','17:00:00'),(1435,10017,'2022-10-31','08:00:00','17:00:00'),(1436,10017,'2022-01-11','00:00:00','00:00:00'),(1437,10017,'2022-02-11','08:00:00','17:00:00'),(1438,10017,'2022-03-11','08:05:00','17:00:00'),(1439,10017,'2022-04-11','08:00:00','17:00:00'),(1440,10017,'2022-07-11','10:00:00','17:00:00'),(1441,10017,'2022-08-11','08:00:00','17:00:00'),(1442,10017,'2022-09-11','08:00:00','17:00:00'),(1443,10017,'2022-10-11','08:00:00','17:00:00'),(1444,10017,'2022-11-11','08:00:00','17:00:00'),(1445,10017,'2022-11-14','08:05:00','17:00:00'),(1446,10017,'2022-11-15','08:00:00','17:00:00'),(1447,10017,'2022-11-16','10:00:00','17:00:00'),(1448,10017,'2022-11-17','08:00:00','17:00:00'),(1449,10017,'2022-11-18','08:00:00','17:00:00'),(1450,10017,'2022-11-21','08:00:00','17:00:00'),(1451,10017,'2022-11-22','08:00:00','17:00:00'),(1452,10017,'2022-11-23','08:05:00','17:00:00'),(1453,10017,'2022-11-24','08:00:00','17:00:00'),(1454,10017,'2022-11-25','10:00:00','17:00:00'),(1455,10017,'2022-11-28','08:00:00','17:00:00'),(1456,10017,'2022-11-29','08:00:00','17:00:00'),(1457,10017,'2022-11-30','00:00:00','00:00:00'),(1458,10017,'2022-01-12','08:00:00','17:00:00'),(1459,10017,'2022-02-12','08:05:00','17:00:00'),(1460,10017,'2022-05-12','08:00:00','17:00:00'),(1461,10017,'2022-06-12','10:00:00','17:00:00'),(1462,10017,'2022-07-12','08:00:00','17:00:00'),(1463,10017,'2022-08-12','00:00:00','00:00:00'),(1464,10017,'2022-09-12','08:00:00','17:00:00'),(1465,10017,'2022-12-12','08:00:00','17:00:00'),(1466,10017,'2022-12-13','08:05:00','17:00:00'),(1467,10017,'2022-12-14','08:00:00','17:00:00'),(1468,10017,'2022-12-15','10:00:00','17:00:00'),(1469,10017,'2022-12-16','08:00:00','17:00:00'),(1470,10017,'2022-12-19','08:00:00','17:00:00'),(1471,10017,'2022-12-20','08:00:00','17:00:00'),(1472,10017,'2022-12-21','08:00:00','17:00:00'),(1473,10017,'2022-12-22','08:05:00','17:00:00'),(1474,10017,'2022-12-23','08:00:00','17:00:00'),(1475,10017,'2022-12-26','10:00:00','17:00:00'),(1476,10017,'2022-12-27','08:00:00','17:00:00'),(1477,10017,'2022-12-28','08:00:00','17:00:00'),(1478,10017,'2022-12-29','08:00:00','17:00:00'),(1479,10017,'2022-12-30','00:00:00','00:00:00'),(1480,10018,'2022-01-09','08:00:00','17:00:00'),(1481,10018,'2022-02-09','08:00:00','17:00:00'),(1482,10018,'2022-05-09','08:00:00','17:00:00'),(1483,10018,'2022-06-09','08:00:00','17:00:00'),(1484,10018,'2022-07-09','08:00:00','17:00:00'),(1485,10018,'2022-08-09','10:00:00','17:00:00'),(1486,10018,'2022-09-09','08:00:00','17:00:00'),(1487,10018,'2022-12-09','08:00:00','17:00:00'),(1488,10018,'2022-09-13','08:00:00','17:00:00'),(1489,10018,'2022-09-14','08:00:00','17:00:00'),(1490,10018,'2022-09-15','08:00:00','17:00:00'),(1491,10018,'2022-09-16','08:00:00','17:00:00'),(1492,10018,'2022-09-19','10:00:00','17:00:00'),(1493,10018,'2022-09-20','00:00:00','00:00:00'),(1494,10018,'2022-09-21','00:00:00','00:00:00'),(1495,10018,'2022-09-22','08:00:00','17:00:00'),(1496,10018,'2022-09-23','08:00:00','17:00:00'),(1497,10018,'2022-09-26','08:00:00','17:00:00'),(1498,10018,'2022-09-27','08:00:00','17:00:00'),(1499,10018,'2022-09-28','10:00:00','17:00:00'),(1500,10018,'2022-09-29','08:00:00','17:00:00'),(1501,10018,'2022-09-30','08:00:00','17:00:00'),(1502,10018,'2022-03-10','08:00:00','17:00:00'),(1503,10018,'2022-04-10','08:00:00','17:00:00'),(1504,10018,'2022-05-10','08:00:00','17:00:00'),(1505,10018,'2022-06-10','08:00:00','17:00:00'),(1506,10018,'2022-07-10','10:00:00','17:00:00'),(1507,10018,'2022-10-10','08:00:00','17:00:00'),(1508,10018,'2022-11-10','08:00:00','17:00:00'),(1509,10018,'2022-12-10','08:00:00','17:00:00'),(1510,10018,'2022-10-13','08:00:00','17:00:00'),(1511,10018,'2022-10-14','08:00:00','17:00:00'),(1512,10018,'2022-10-17','08:00:00','17:00:00'),(1513,10018,'2022-10-18','10:00:00','17:00:00'),(1514,10018,'2022-10-19','08:00:00','17:00:00'),(1515,10018,'2022-10-20','08:00:00','17:00:00'),(1516,10018,'2022-10-21','08:00:00','17:00:00'),(1517,10018,'2022-10-24','08:00:00','17:00:00'),(1518,10018,'2022-10-25','08:00:00','17:00:00'),(1519,10018,'2022-10-26','08:00:00','17:00:00'),(1520,10018,'2022-10-27','00:00:00','00:00:00'),(1521,10018,'2022-10-28','08:00:00','17:00:00'),(1522,10018,'2022-10-31','08:00:00','17:00:00'),(1523,10018,'2022-01-11','00:00:00','00:00:00'),(1524,10018,'2022-02-11','08:00:00','17:00:00'),(1525,10018,'2022-03-11','08:00:00','17:00:00'),(1526,10018,'2022-04-11','08:00:00','17:00:00'),(1527,10018,'2022-07-11','10:00:00','17:00:00'),(1528,10018,'2022-08-11','08:00:00','17:00:00'),(1529,10018,'2022-09-11','08:00:00','17:00:00'),(1530,10018,'2022-10-11','08:00:00','17:00:00'),(1531,10018,'2022-11-11','08:00:00','17:00:00'),(1532,10018,'2022-11-14','08:00:00','17:00:00'),(1533,10018,'2022-11-15','08:00:00','17:00:00'),(1534,10018,'2022-11-16','10:00:00','17:00:00'),(1535,10018,'2022-11-17','08:00:00','17:00:00'),(1536,10018,'2022-11-18','08:00:00','17:00:00'),(1537,10018,'2022-11-21','08:00:00','17:00:00'),(1538,10018,'2022-11-22','08:00:00','17:00:00'),(1539,10018,'2022-11-23','08:00:00','17:00:00'),(1540,10018,'2022-11-24','08:00:00','17:00:00'),(1541,10018,'2022-11-25','10:00:00','17:00:00'),(1542,10018,'2022-11-28','08:00:00','17:00:00'),(1543,10018,'2022-11-29','08:00:00','17:00:00'),(1544,10018,'2022-11-30','00:00:00','00:00:00'),(1545,10018,'2022-01-12','08:00:00','17:00:00'),(1546,10018,'2022-02-12','08:00:00','17:00:00'),(1547,10018,'2022-05-12','08:00:00','17:00:00'),(1548,10018,'2022-06-12','10:00:00','17:00:00'),(1549,10018,'2022-07-12','08:00:00','17:00:00'),(1550,10018,'2022-08-12','00:00:00','00:00:00'),(1551,10018,'2022-09-12','08:00:00','17:00:00'),(1552,10018,'2022-12-12','08:00:00','17:00:00'),(1553,10018,'2022-12-13','08:00:00','17:00:00'),(1554,10018,'2022-12-14','08:00:00','17:00:00'),(1555,10018,'2022-12-15','10:00:00','17:00:00'),(1556,10018,'2022-12-16','08:00:00','17:00:00'),(1557,10018,'2022-12-19','08:00:00','17:00:00'),(1558,10018,'2022-12-20','08:00:00','17:00:00'),(1559,10018,'2022-12-21','08:00:00','17:00:00'),(1560,10018,'2022-12-22','08:00:00','17:00:00'),(1561,10018,'2022-12-23','08:00:00','17:00:00'),(1562,10018,'2022-12-26','10:00:00','17:00:00'),(1563,10018,'2022-12-27','08:00:00','17:00:00'),(1564,10018,'2022-12-28','08:00:00','17:00:00'),(1565,10018,'2022-12-29','08:00:00','17:00:00'),(1566,10018,'2022-12-30','00:00:00','00:00:00'),(1567,10019,'2022-01-09','08:00:00','17:00:00'),(1568,10019,'2022-02-09','08:00:00','17:00:00'),(1569,10019,'2022-05-09','08:00:00','17:00:00'),(1570,10019,'2022-06-09','08:00:00','17:00:00'),(1571,10019,'2022-07-09','08:00:00','17:00:00'),(1572,10019,'2022-08-09','10:00:00','17:00:00'),(1573,10019,'2022-09-09','08:00:00','17:00:00'),(1574,10019,'2022-12-09','08:00:00','17:00:00'),(1575,10019,'2022-09-13','08:00:00','17:00:00'),(1576,10019,'2022-09-14','08:00:00','17:00:00'),(1577,10019,'2022-09-15','08:00:00','17:00:00'),(1578,10019,'2022-09-16','08:00:00','17:00:00'),(1579,10019,'2022-09-19','10:00:00','17:00:00'),(1580,10019,'2022-09-20','08:00:00','17:00:00'),(1581,10019,'2022-09-21','08:00:00','17:00:00'),(1582,10019,'2022-09-22','08:00:00','17:00:00'),(1583,10019,'2022-09-23','08:00:00','17:00:00'),(1584,10019,'2022-09-26','08:00:00','17:00:00'),(1585,10019,'2022-09-27','08:00:00','17:00:00'),(1586,10019,'2022-09-28','10:00:00','17:00:00'),(1587,10019,'2022-09-29','08:00:00','17:00:00'),(1588,10019,'2022-09-30','08:00:00','17:00:00'),(1589,10019,'2022-03-10','08:00:00','17:00:00'),(1590,10019,'2022-04-10','08:00:00','17:00:00'),(1591,10019,'2022-05-10','08:00:00','17:00:00'),(1592,10019,'2022-06-10','08:00:00','17:00:00'),(1593,10019,'2022-07-10','10:00:00','17:00:00'),(1594,10019,'2022-10-10','08:00:00','17:00:00'),(1595,10019,'2022-11-10','08:00:00','17:00:00'),(1596,10019,'2022-12-10','08:00:00','17:00:00'),(1597,10019,'2022-10-13','08:00:00','17:00:00'),(1598,10019,'2022-10-14','08:00:00','17:00:00'),(1599,10019,'2022-10-17','08:00:00','17:00:00'),(1600,10019,'2022-10-18','10:00:00','17:00:00'),(1601,10019,'2022-10-19','08:00:00','17:00:00'),(1602,10019,'2022-10-20','08:00:00','17:00:00'),(1603,10019,'2022-10-21','08:00:00','17:00:00'),(1604,10019,'2022-10-24','08:00:00','17:00:00'),(1605,10019,'2022-10-25','08:00:00','17:00:00'),(1606,10019,'2022-10-26','08:00:00','17:00:00'),(1607,10019,'2022-10-27','10:00:00','17:00:00'),(1608,10019,'2022-10-28','08:00:00','17:00:00'),(1609,10019,'2022-10-31','08:00:00','17:00:00'),(1610,10019,'2022-01-11','00:00:00','00:00:00'),(1611,10019,'2022-02-11','08:00:00','17:00:00'),(1612,10019,'2022-03-11','08:00:00','17:00:00'),(1613,10019,'2022-04-11','08:00:00','17:00:00'),(1614,10019,'2022-07-11','10:00:00','17:00:00'),(1615,10019,'2022-08-11','08:00:00','17:00:00'),(1616,10019,'2022-09-11','08:00:00','17:00:00'),(1617,10019,'2022-10-11','08:00:00','17:00:00'),(1618,10019,'2022-11-11','08:00:00','17:00:00'),(1619,10019,'2022-11-14','08:00:00','17:00:00'),(1620,10019,'2022-11-15','08:00:00','17:00:00'),(1621,10019,'2022-11-16','10:00:00','17:00:00'),(1622,10019,'2022-11-17','08:00:00','17:00:00'),(1623,10019,'2022-11-18','08:00:00','17:00:00'),(1624,10019,'2022-11-21','08:00:00','17:00:00'),(1625,10019,'2022-11-22','08:00:00','17:00:00'),(1626,10019,'2022-11-23','08:00:00','17:00:00'),(1627,10019,'2022-11-24','08:00:00','17:00:00'),(1628,10019,'2022-11-25','10:00:00','17:00:00'),(1629,10019,'2022-11-28','08:00:00','17:00:00'),(1630,10019,'2022-11-29','08:00:00','17:00:00'),(1631,10019,'2022-11-30','00:00:00','00:00:00'),(1632,10019,'2022-01-12','08:00:00','17:00:00'),(1633,10019,'2022-02-12','08:00:00','17:00:00'),(1634,10019,'2022-05-12','08:00:00','17:00:00'),(1635,10019,'2022-06-12','10:00:00','17:00:00'),(1636,10019,'2022-07-12','08:00:00','17:00:00'),(1637,10019,'2022-08-12','00:00:00','00:00:00'),(1638,10019,'2022-09-12','08:00:00','17:00:00'),(1639,10019,'2022-12-12','08:00:00','17:00:00'),(1640,10019,'2022-12-13','08:00:00','17:00:00'),(1641,10019,'2022-12-14','08:00:00','17:00:00'),(1642,10019,'2022-12-15','10:00:00','17:00:00'),(1643,10019,'2022-12-16','08:00:00','17:00:00'),(1644,10019,'2022-12-19','08:00:00','17:00:00'),(1645,10019,'2022-12-20','08:00:00','17:00:00'),(1646,10019,'2022-12-21','08:00:00','17:00:00'),(1647,10019,'2022-12-22','08:00:00','17:00:00'),(1648,10019,'2022-12-23','08:00:00','17:00:00'),(1649,10019,'2022-12-26','10:00:00','17:00:00'),(1650,10019,'2022-12-27','08:00:00','17:00:00'),(1651,10019,'2022-12-28','08:00:00','17:00:00'),(1652,10019,'2022-12-29','08:00:00','17:00:00'),(1653,10019,'2022-12-30','00:00:00','00:00:00'),(1654,10020,'2022-01-09','08:00:00','17:00:00'),(1655,10020,'2022-02-09','08:00:00','17:00:00'),(1656,10020,'2022-05-09','08:00:00','17:00:00'),(1657,10020,'2022-06-09','08:00:00','17:00:00'),(1658,10020,'2022-07-09','08:00:00','17:00:00'),(1659,10020,'2022-08-09','10:00:00','17:00:00'),(1660,10020,'2022-09-09','08:00:00','17:00:00'),(1661,10020,'2022-12-09','08:00:00','17:00:00'),(1662,10020,'2022-09-13','08:00:00','17:00:00'),(1663,10020,'2022-09-14','08:00:00','17:00:00'),(1664,10020,'2022-09-15','08:00:00','17:00:00'),(1665,10020,'2022-09-16','08:00:00','17:00:00'),(1666,10020,'2022-09-19','10:00:00','17:00:00'),(1667,10020,'2022-09-20','08:00:00','17:00:00'),(1668,10020,'2022-09-21','08:00:00','17:00:00'),(1669,10020,'2022-09-22','08:00:00','17:00:00'),(1670,10020,'2022-09-23','08:00:00','17:00:00'),(1671,10020,'2022-09-26','08:00:00','17:00:00'),(1672,10020,'2022-09-27','08:00:00','17:00:00'),(1673,10020,'2022-09-28','10:00:00','17:00:00'),(1674,10020,'2022-09-29','08:00:00','17:00:00'),(1675,10020,'2022-09-30','08:00:00','17:00:00'),(1676,10020,'2022-03-10','08:00:00','17:00:00'),(1677,10020,'2022-04-10','08:00:00','17:00:00'),(1678,10020,'2022-05-10','08:00:00','17:00:00'),(1679,10020,'2022-06-10','08:00:00','17:00:00'),(1680,10020,'2022-07-10','10:00:00','17:00:00'),(1681,10020,'2022-10-10','08:00:00','17:00:00'),(1682,10020,'2022-11-10','08:00:00','17:00:00'),(1683,10020,'2022-12-10','08:00:00','17:00:00'),(1684,10020,'2022-10-13','08:00:00','17:00:00'),(1685,10020,'2022-10-14','08:00:00','17:00:00'),(1686,10020,'2022-10-17','08:00:00','17:00:00'),(1687,10020,'2022-10-18','10:00:00','17:00:00'),(1688,10020,'2022-10-19','08:00:00','17:00:00'),(1689,10020,'2022-10-20','08:00:00','17:00:00'),(1690,10020,'2022-10-21','08:00:00','17:00:00'),(1691,10020,'2022-10-24','08:00:00','17:00:00'),(1692,10020,'2022-10-25','08:00:00','17:00:00'),(1693,10020,'2022-10-26','08:00:00','17:00:00'),(1694,10020,'2022-10-27','10:00:00','17:00:00'),(1695,10020,'2022-10-28','08:00:00','17:00:00'),(1696,10020,'2022-10-31','08:00:00','17:00:00'),(1697,10020,'2022-01-11','00:00:00','00:00:00'),(1698,10020,'2022-02-11','08:00:00','17:00:00'),(1699,10020,'2022-03-11','08:00:00','17:00:00'),(1700,10020,'2022-04-11','08:00:00','17:00:00'),(1701,10020,'2022-07-11','10:00:00','17:00:00'),(1702,10020,'2022-08-11','08:00:00','17:00:00'),(1703,10020,'2022-09-11','08:00:00','17:00:00'),(1704,10020,'2022-10-11','08:00:00','17:00:00'),(1705,10020,'2022-11-11','08:00:00','17:00:00'),(1706,10020,'2022-11-14','08:00:00','17:00:00'),(1707,10020,'2022-11-15','08:00:00','17:00:00'),(1708,10020,'2022-11-16','10:00:00','17:00:00'),(1709,10020,'2022-11-17','08:00:00','17:00:00'),(1710,10020,'2022-11-18','08:00:00','17:00:00'),(1711,10020,'2022-11-21','08:00:00','17:00:00'),(1712,10020,'2022-11-22','08:00:00','17:00:00'),(1713,10020,'2022-11-23','08:00:00','17:00:00'),(1714,10020,'2022-11-24','08:00:00','17:00:00'),(1715,10020,'2022-11-25','10:00:00','17:00:00'),(1716,10020,'2022-11-28','08:00:00','17:00:00'),(1717,10020,'2022-11-29','08:00:00','17:00:00'),(1718,10020,'2022-11-30','00:00:00','00:00:00'),(1719,10020,'2022-01-12','08:00:00','17:00:00'),(1720,10020,'2022-02-12','08:00:00','17:00:00'),(1721,10020,'2022-05-12','08:00:00','17:00:00'),(1722,10020,'2022-06-12','10:00:00','17:00:00'),(1723,10020,'2022-07-12','08:00:00','17:00:00'),(1724,10020,'2022-08-12','00:00:00','00:00:00'),(1725,10020,'2022-09-12','08:00:00','17:00:00'),(1726,10020,'2022-12-12','08:00:00','17:00:00'),(1727,10020,'2022-12-13','08:00:00','17:00:00'),(1728,10020,'2022-12-14','08:00:00','17:00:00'),(1729,10020,'2022-12-15','10:00:00','17:00:00'),(1730,10020,'2022-12-16','08:00:00','17:00:00'),(1731,10020,'2022-12-19','08:00:00','17:00:00'),(1732,10020,'2022-12-20','08:00:00','17:00:00'),(1733,10020,'2022-12-21','08:00:00','17:00:00'),(1734,10020,'2022-12-22','08:00:00','17:00:00'),(1735,10020,'2022-12-23','08:00:00','17:00:00'),(1736,10020,'2022-12-26','10:00:00','17:00:00'),(1737,10020,'2022-12-27','08:00:00','17:00:00'),(1738,10020,'2022-12-28','08:00:00','17:00:00'),(1739,10020,'2022-12-29','08:00:00','17:00:00'),(1740,10020,'2022-12-30','00:00:00','00:00:00'),(1741,10021,'2022-01-09','08:11:00','17:00:00'),(1742,10021,'2022-02-09','08:00:00','17:00:00'),(1743,10021,'2022-05-09','13:00:00','17:00:00'),(1744,10021,'2022-06-09','08:00:00','17:00:00'),(1745,10021,'2022-07-09','08:00:00','17:00:00'),(1746,10021,'2022-08-09','10:00:00','17:00:00'),(1747,10021,'2022-09-09','08:00:00','17:00:00'),(1748,10021,'2022-12-09','08:11:00','17:00:00'),(1749,10021,'2022-09-13','08:00:00','17:00:00'),(1750,10021,'2022-09-14','13:00:00','17:00:00'),(1751,10021,'2022-09-15','08:00:00','17:00:00'),(1752,10021,'2022-09-16','08:00:00','17:00:00'),(1753,10021,'2022-09-19','10:00:00','17:00:00'),(1754,10021,'2022-09-20','08:00:00','17:00:00'),(1755,10021,'2022-09-21','08:11:00','17:00:00'),(1756,10021,'2022-09-22','08:00:00','17:00:00'),(1757,10021,'2022-09-23','13:00:00','17:00:00'),(1758,10021,'2022-09-26','08:00:00','17:00:00'),(1759,10021,'2022-09-27','08:00:00','17:00:00'),(1760,10021,'2022-09-28','10:00:00','17:00:00'),(1761,10021,'2022-09-29','08:00:00','17:00:00'),(1762,10021,'2022-09-30','08:11:00','17:00:00'),(1763,10021,'2022-03-10','08:00:00','17:00:00'),(1764,10021,'2022-04-10','13:00:00','17:00:00'),(1765,10021,'2022-05-10','08:00:00','17:00:00'),(1766,10021,'2022-06-10','08:00:00','17:00:00'),(1767,10021,'2022-07-10','10:00:00','17:00:00'),(1768,10021,'2022-10-10','08:00:00','17:00:00'),(1769,10021,'2022-11-10','08:11:00','17:00:00'),(1770,10021,'2022-12-10','08:00:00','17:00:00'),(1771,10021,'2022-10-13','13:00:00','17:00:00'),(1772,10021,'2022-10-14','08:00:00','17:00:00'),(1773,10021,'2022-10-17','08:00:00','17:00:00'),(1774,10021,'2022-10-18','10:00:00','17:00:00'),(1775,10021,'2022-10-19','08:00:00','17:00:00'),(1776,10021,'2022-10-20','08:11:00','17:00:00'),(1777,10021,'2022-10-21','08:00:00','17:00:00'),(1778,10021,'2022-10-24','13:00:00','17:00:00'),(1779,10021,'2022-10-25','08:00:00','17:00:00'),(1780,10021,'2022-10-26','08:00:00','17:00:00'),(1781,10021,'2022-10-27','10:00:00','17:00:00'),(1782,10021,'2022-10-28','08:00:00','17:00:00'),(1783,10021,'2022-10-31','08:11:00','17:00:00'),(1784,10021,'2022-01-11','00:00:00','00:00:00'),(1785,10021,'2022-02-11','13:00:00','17:00:00'),(1786,10021,'2022-03-11','08:00:00','17:00:00'),(1787,10021,'2022-04-11','08:00:00','17:00:00'),(1788,10021,'2022-07-11','10:00:00','17:00:00'),(1789,10021,'2022-08-11','08:00:00','17:00:00'),(1790,10021,'2022-09-11','08:11:00','17:00:00'),(1791,10021,'2022-10-11','08:00:00','17:00:00'),(1792,10021,'2022-11-11','13:00:00','17:00:00'),(1793,10021,'2022-11-14','08:00:00','17:00:00'),(1794,10021,'2022-11-15','08:00:00','17:00:00'),(1795,10021,'2022-11-16','10:00:00','17:00:00'),(1796,10021,'2022-11-17','08:00:00','17:00:00'),(1797,10021,'2022-11-18','08:11:00','17:00:00'),(1798,10021,'2022-11-21','08:00:00','17:00:00'),(1799,10021,'2022-11-22','13:00:00','17:00:00'),(1800,10021,'2022-11-23','08:00:00','17:00:00'),(1801,10021,'2022-11-24','08:00:00','17:00:00'),(1802,10021,'2022-11-25','10:00:00','17:00:00'),(1803,10021,'2022-11-28','08:00:00','17:00:00'),(1804,10021,'2022-11-29','08:11:00','17:00:00'),(1805,10021,'2022-11-30','00:00:00','00:00:00'),(1806,10021,'2022-01-12','13:00:00','17:00:00'),(1807,10021,'2022-02-12','08:00:00','17:00:00'),(1808,10021,'2022-05-12','08:00:00','17:00:00'),(1809,10021,'2022-06-12','10:00:00','17:00:00'),(1810,10021,'2022-07-12','08:00:00','17:00:00'),(1811,10021,'2022-08-12','00:00:00','00:00:00'),(1812,10021,'2022-09-12','08:00:00','17:00:00'),(1813,10021,'2022-12-12','13:00:00','17:00:00'),(1814,10021,'2022-12-13','08:00:00','17:00:00'),(1815,10021,'2022-12-14','08:00:00','17:00:00'),(1816,10021,'2022-12-15','10:00:00','17:00:00'),(1817,10021,'2022-12-16','08:00:00','17:00:00'),(1818,10021,'2022-12-19','08:11:00','17:00:00'),(1819,10021,'2022-12-20','08:00:00','17:00:00'),(1820,10021,'2022-12-21','13:00:00','17:00:00'),(1821,10021,'2022-12-22','08:00:00','17:00:00'),(1822,10021,'2022-12-23','08:00:00','17:00:00'),(1823,10021,'2022-12-26','10:00:00','17:00:00'),(1824,10021,'2022-12-27','08:00:00','17:00:00'),(1825,10021,'2022-12-28','08:11:00','17:00:00'),(1826,10021,'2022-12-29','08:00:00','17:00:00'),(1827,10021,'2022-12-30','00:00:00','00:00:00'),(1828,10022,'2022-01-09','08:00:00','17:00:00'),(1829,10022,'2022-02-09','08:00:00','17:00:00'),(1830,10022,'2022-05-09','08:00:00','17:00:00'),(1831,10022,'2022-06-09','08:00:00','17:00:00'),(1832,10022,'2022-07-09','08:00:00','17:00:00'),(1833,10022,'2022-08-09','10:00:00','17:00:00'),(1834,10022,'2022-09-09','08:00:00','17:00:00'),(1835,10022,'2022-12-09','08:00:00','17:00:00'),(1836,10022,'2022-09-13','08:00:00','17:00:00'),(1837,10022,'2022-09-14','08:00:00','17:00:00'),(1838,10022,'2022-09-15','08:00:00','17:00:00'),(1839,10022,'2022-09-16','08:00:00','17:00:00'),(1840,10022,'2022-09-19','10:00:00','17:00:00'),(1841,10022,'2022-09-20','08:00:00','17:00:00'),(1842,10022,'2022-09-21','08:00:00','17:00:00'),(1843,10022,'2022-09-22','08:00:00','17:00:00'),(1844,10022,'2022-09-23','08:00:00','17:00:00'),(1845,10022,'2022-09-26','08:00:00','17:00:00'),(1846,10022,'2022-09-27','08:00:00','17:00:00'),(1847,10022,'2022-09-28','10:00:00','17:00:00'),(1848,10022,'2022-09-29','08:00:00','17:00:00'),(1849,10022,'2022-09-30','08:00:00','17:00:00'),(1850,10022,'2022-03-10','08:00:00','17:00:00'),(1851,10022,'2022-04-10','08:00:00','17:00:00'),(1852,10022,'2022-05-10','08:00:00','17:00:00'),(1853,10022,'2022-06-10','08:00:00','17:00:00'),(1854,10022,'2022-07-10','10:00:00','17:00:00'),(1855,10022,'2022-10-10','08:00:00','17:00:00'),(1856,10022,'2022-11-10','08:00:00','17:00:00'),(1857,10022,'2022-12-10','08:00:00','17:00:00'),(1858,10022,'2022-10-13','08:00:00','17:00:00'),(1859,10022,'2022-10-14','08:00:00','17:00:00'),(1860,10022,'2022-10-17','08:00:00','17:00:00'),(1861,10022,'2022-10-18','10:00:00','17:00:00'),(1862,10022,'2022-10-19','08:00:00','17:00:00'),(1863,10022,'2022-10-20','08:00:00','17:00:00'),(1864,10022,'2022-10-21','08:00:00','17:00:00'),(1865,10022,'2022-10-24','08:00:00','17:00:00'),(1866,10022,'2022-10-25','08:00:00','17:00:00'),(1867,10022,'2022-10-26','08:00:00','17:00:00'),(1868,10022,'2022-10-27','10:00:00','17:00:00'),(1869,10022,'2022-10-28','08:00:00','17:00:00'),(1870,10022,'2022-10-31','08:00:00','17:00:00'),(1871,10022,'2022-01-11','00:00:00','00:00:00'),(1872,10022,'2022-02-11','08:00:00','17:00:00'),(1873,10022,'2022-03-11','08:00:00','17:00:00'),(1874,10022,'2022-04-11','08:00:00','17:00:00'),(1875,10022,'2022-07-11','10:00:00','17:00:00'),(1876,10022,'2022-08-11','08:00:00','17:00:00'),(1877,10022,'2022-09-11','08:00:00','17:00:00'),(1878,10022,'2022-10-11','08:00:00','17:00:00'),(1879,10022,'2022-11-11','08:00:00','17:00:00'),(1880,10022,'2022-11-14','08:00:00','17:00:00'),(1881,10022,'2022-11-15','08:00:00','17:00:00'),(1882,10022,'2022-11-16','10:00:00','17:00:00'),(1883,10022,'2022-11-17','08:00:00','17:00:00'),(1884,10022,'2022-11-18','08:00:00','17:00:00'),(1885,10022,'2022-11-21','08:00:00','17:00:00'),(1886,10022,'2022-11-22','08:00:00','17:00:00'),(1887,10022,'2022-11-23','08:00:00','17:00:00'),(1888,10022,'2022-11-24','08:00:00','17:00:00'),(1889,10022,'2022-11-25','10:00:00','17:00:00'),(1890,10022,'2022-11-28','08:00:00','17:00:00'),(1891,10022,'2022-11-29','08:00:00','17:00:00'),(1892,10022,'2022-11-30','00:00:00','00:00:00'),(1893,10022,'2022-01-12','08:00:00','17:00:00'),(1894,10022,'2022-02-12','08:00:00','17:00:00'),(1895,10022,'2022-05-12','08:00:00','17:00:00'),(1896,10022,'2022-06-12','10:00:00','17:00:00'),(1897,10022,'2022-07-12','08:00:00','17:00:00'),(1898,10022,'2022-08-12','00:00:00','00:00:00'),(1899,10022,'2022-09-12','08:00:00','17:00:00'),(1900,10022,'2022-12-12','08:00:00','17:00:00'),(1901,10022,'2022-12-13','08:00:00','17:00:00'),(1902,10022,'2022-12-14','08:00:00','17:00:00'),(1903,10022,'2022-12-15','10:00:00','17:00:00'),(1904,10022,'2022-12-16','08:00:00','17:00:00'),(1905,10022,'2022-12-19','08:00:00','17:00:00'),(1906,10022,'2022-12-20','08:00:00','17:00:00'),(1907,10022,'2022-12-21','08:00:00','17:00:00'),(1908,10022,'2022-12-22','08:00:00','17:00:00'),(1909,10022,'2022-12-23','08:00:00','17:00:00'),(1910,10022,'2022-12-26','10:00:00','17:00:00'),(1911,10022,'2022-12-27','08:00:00','17:00:00'),(1912,10022,'2022-12-28','08:00:00','17:00:00'),(1913,10022,'2022-12-29','08:00:00','17:00:00'),(1914,10022,'2022-12-30','00:00:00','00:00:00'),(1915,10023,'2022-01-09','08:00:00','17:00:00'),(1916,10023,'2022-02-09','08:00:00','17:00:00'),(1917,10023,'2022-05-09','08:00:00','17:00:00'),(1918,10023,'2022-06-09','09:00:00','17:00:00'),(1919,10023,'2022-07-09','08:00:00','17:00:00'),(1920,10023,'2022-08-09','10:00:00','17:00:00'),(1921,10023,'2022-09-09','08:00:00','17:00:00'),(1922,10023,'2022-12-09','08:00:00','17:00:00'),(1923,10023,'2022-09-13','08:00:00','17:00:00'),(1924,10023,'2022-09-14','08:00:00','17:00:00'),(1925,10023,'2022-09-15','09:00:00','17:00:00'),(1926,10023,'2022-09-16','08:00:00','17:00:00'),(1927,10023,'2022-09-19','10:00:00','17:00:00'),(1928,10023,'2022-09-20','08:00:00','17:00:00'),(1929,10023,'2022-09-21','08:00:00','17:00:00'),(1930,10023,'2022-09-22','08:00:00','17:00:00'),(1931,10023,'2022-09-23','08:00:00','17:00:00'),(1932,10023,'2022-09-26','09:00:00','17:00:00'),(1933,10023,'2022-09-27','08:00:00','17:00:00'),(1934,10023,'2022-09-28','10:00:00','17:00:00'),(1935,10023,'2022-09-29','08:00:00','17:00:00'),(1936,10023,'2022-09-30','08:00:00','17:00:00'),(1937,10023,'2022-03-10','08:00:00','17:00:00'),(1938,10023,'2022-04-10','08:00:00','17:00:00'),(1939,10023,'2022-05-10','09:00:00','17:00:00'),(1940,10023,'2022-06-10','08:00:00','17:00:00'),(1941,10023,'2022-07-10','10:00:00','17:00:00'),(1942,10023,'2022-10-10','08:00:00','17:00:00'),(1943,10023,'2022-11-10','08:00:00','17:00:00'),(1944,10023,'2022-12-10','08:00:00','17:00:00'),(1945,10023,'2022-10-13','08:00:00','17:00:00'),(1946,10023,'2022-10-14','09:00:00','17:00:00'),(1947,10023,'2022-10-17','08:00:00','17:00:00'),(1948,10023,'2022-10-18','10:00:00','17:00:00'),(1949,10023,'2022-10-19','08:00:00','17:00:00'),(1950,10023,'2022-10-20','08:00:00','17:00:00'),(1951,10023,'2022-10-21','08:00:00','17:00:00'),(1952,10023,'2022-10-24','08:00:00','17:00:00'),(1953,10023,'2022-10-25','09:00:00','17:00:00'),(1954,10023,'2022-10-26','08:00:00','17:00:00'),(1955,10023,'2022-10-27','10:00:00','17:00:00'),(1956,10023,'2022-10-28','08:00:00','17:00:00'),(1957,10023,'2022-10-31','08:00:00','17:00:00'),(1958,10023,'2022-01-11','00:00:00','00:00:00'),(1959,10023,'2022-02-11','08:00:00','17:00:00'),(1960,10023,'2022-03-11','09:00:00','17:00:00'),(1961,10023,'2022-04-11','00:00:00','00:00:00'),(1962,10023,'2022-07-11','10:00:00','17:00:00'),(1963,10023,'2022-08-11','08:00:00','17:00:00'),(1964,10023,'2022-09-11','08:00:00','17:00:00'),(1965,10023,'2022-10-11','08:00:00','17:00:00'),(1966,10023,'2022-11-11','08:00:00','17:00:00'),(1967,10023,'2022-11-14','09:00:00','17:00:00'),(1968,10023,'2022-11-15','08:00:00','17:00:00'),(1969,10023,'2022-11-16','10:00:00','17:00:00'),(1970,10023,'2022-11-17','08:00:00','17:00:00'),(1971,10023,'2022-11-18','08:00:00','17:00:00'),(1972,10023,'2022-11-21','08:00:00','17:00:00'),(1973,10023,'2022-11-22','08:00:00','17:00:00'),(1974,10023,'2022-11-23','09:00:00','17:00:00'),(1975,10023,'2022-11-24','08:00:00','17:00:00'),(1976,10023,'2022-11-25','10:00:00','17:00:00'),(1977,10023,'2022-11-28','08:00:00','17:00:00'),(1978,10023,'2022-11-29','08:00:00','17:00:00'),(1979,10023,'2022-11-30','00:00:00','00:00:00'),(1980,10023,'2022-01-12','08:00:00','17:00:00'),(1981,10023,'2022-02-12','09:00:00','17:00:00'),(1982,10023,'2022-05-12','08:00:00','17:00:00'),(1983,10023,'2022-06-12','10:00:00','17:00:00'),(1984,10023,'2022-07-12','08:00:00','17:00:00'),(1985,10023,'2022-08-12','00:00:00','00:00:00'),(1986,10023,'2022-09-12','08:00:00','17:00:00'),(1987,10023,'2022-12-12','08:00:00','17:00:00'),(1988,10023,'2022-12-13','09:00:00','17:00:00'),(1989,10023,'2022-12-14','08:00:00','17:00:00'),(1990,10023,'2022-12-15','10:00:00','17:00:00'),(1991,10023,'2022-12-16','08:00:00','17:00:00'),(1992,10023,'2022-12-19','08:00:00','17:00:00'),(1993,10023,'2022-12-20','08:00:00','17:00:00'),(1994,10023,'2022-12-21','08:00:00','17:00:00'),(1995,10023,'2022-12-22','09:00:00','17:00:00'),(1996,10023,'2022-12-23','08:00:00','17:00:00'),(1997,10023,'2022-12-26','10:00:00','17:00:00'),(1998,10023,'2022-12-27','08:00:00','17:00:00'),(1999,10023,'2022-12-28','08:00:00','17:00:00'),(2000,10023,'2022-12-29','08:00:00','17:00:00'),(2001,10023,'2022-12-30','00:00:00','00:00:00'),(2002,10024,'2022-01-09','08:21:00','17:00:00'),(2003,10024,'2022-02-09','08:00:00','17:00:00'),(2004,10024,'2022-05-09','08:00:00','17:00:00'),(2005,10024,'2022-06-09','08:00:00','17:00:00'),(2006,10024,'2022-07-09','08:00:00','17:00:00'),(2007,10024,'2022-08-09','10:00:00','17:00:00'),(2008,10024,'2022-09-09','08:00:00','17:00:00'),(2009,10024,'2022-12-09','08:21:00','17:00:00'),(2010,10024,'2022-09-13','08:00:00','17:00:00'),(2011,10024,'2022-09-14','08:00:00','17:00:00'),(2012,10024,'2022-09-15','00:00:00','00:00:00'),(2013,10024,'2022-09-16','08:00:00','17:00:00'),(2014,10024,'2022-09-19','10:00:00','17:00:00'),(2015,10024,'2022-09-20','08:00:00','17:00:00'),(2016,10024,'2022-09-21','08:21:00','17:00:00'),(2017,10024,'2022-09-22','08:00:00','17:00:00'),(2018,10024,'2022-09-23','08:00:00','17:00:00'),(2019,10024,'2022-09-26','08:00:00','17:00:00'),(2020,10024,'2022-09-27','08:00:00','17:00:00'),(2021,10024,'2022-09-28','10:00:00','17:00:00'),(2022,10024,'2022-09-29','08:00:00','17:00:00'),(2023,10024,'2022-09-30','08:21:00','17:00:00'),(2024,10024,'2022-03-10','08:00:00','17:00:00'),(2025,10024,'2022-04-10','08:00:00','17:00:00'),(2026,10024,'2022-05-10','08:00:00','17:00:00'),(2027,10024,'2022-06-10','08:00:00','17:00:00'),(2028,10024,'2022-07-10','10:00:00','17:00:00'),(2029,10024,'2022-10-10','08:00:00','17:00:00'),(2030,10024,'2022-11-10','08:21:00','17:00:00'),(2031,10024,'2022-12-10','08:00:00','17:00:00'),(2032,10024,'2022-10-13','08:00:00','17:00:00'),(2033,10024,'2022-10-14','08:00:00','17:00:00'),(2034,10024,'2022-10-17','08:00:00','17:00:00'),(2035,10024,'2022-10-18','10:00:00','17:00:00'),(2036,10024,'2022-10-19','08:00:00','17:00:00'),(2037,10024,'2022-10-20','08:21:00','17:00:00'),(2038,10024,'2022-10-21','08:00:00','17:00:00'),(2039,10024,'2022-10-24','08:00:00','17:00:00'),(2040,10024,'2022-10-25','08:00:00','17:00:00'),(2041,10024,'2022-10-26','08:00:00','17:00:00'),(2042,10024,'2022-10-27','10:00:00','17:00:00'),(2043,10024,'2022-10-28','08:00:00','17:00:00'),(2044,10024,'2022-10-31','08:21:00','17:00:00'),(2045,10024,'2022-01-11','00:00:00','00:00:00'),(2046,10024,'2022-02-11','08:00:00','17:00:00'),(2047,10024,'2022-03-11','08:00:00','17:00:00'),(2048,10024,'2022-04-11','08:00:00','17:00:00'),(2049,10024,'2022-07-11','10:00:00','17:00:00'),(2050,10024,'2022-08-11','08:00:00','17:00:00'),(2051,10024,'2022-09-11','08:21:00','17:00:00'),(2052,10024,'2022-10-11','08:00:00','17:00:00'),(2053,10024,'2022-11-11','08:00:00','17:00:00'),(2054,10024,'2022-11-14','08:00:00','17:00:00'),(2055,10024,'2022-11-15','08:00:00','17:00:00'),(2056,10024,'2022-11-16','10:00:00','17:00:00'),(2057,10024,'2022-11-17','08:00:00','17:00:00'),(2058,10024,'2022-11-18','08:21:00','17:00:00'),(2059,10024,'2022-11-21','08:00:00','17:00:00'),(2060,10024,'2022-11-22','08:00:00','17:00:00'),(2061,10024,'2022-11-23','08:00:00','17:00:00'),(2062,10024,'2022-11-24','08:00:00','17:00:00'),(2063,10024,'2022-11-25','10:00:00','17:00:00'),(2064,10024,'2022-11-28','08:00:00','17:00:00'),(2065,10024,'2022-11-29','08:21:00','17:00:00'),(2066,10024,'2022-11-30','00:00:00','00:00:00'),(2067,10024,'2022-01-12','08:00:00','17:00:00'),(2068,10024,'2022-02-12','08:00:00','17:00:00'),(2069,10024,'2022-05-12','08:00:00','17:00:00'),(2070,10024,'2022-06-12','10:00:00','17:00:00'),(2071,10024,'2022-07-12','08:00:00','17:00:00'),(2072,10024,'2022-08-12','00:00:00','00:00:00'),(2073,10024,'2022-09-12','08:00:00','17:00:00'),(2074,10024,'2022-12-12','08:00:00','17:00:00'),(2075,10024,'2022-12-13','08:00:00','17:00:00'),(2076,10024,'2022-12-14','08:00:00','17:00:00'),(2077,10024,'2022-12-15','10:00:00','17:00:00'),(2078,10024,'2022-12-16','08:00:00','17:00:00'),(2079,10024,'2022-12-19','08:21:00','17:00:00'),(2080,10024,'2022-12-20','08:00:00','17:00:00'),(2081,10024,'2022-12-21','08:00:00','17:00:00'),(2082,10024,'2022-12-22','08:00:00','17:00:00'),(2083,10024,'2022-12-23','08:00:00','17:00:00'),(2084,10024,'2022-12-26','10:00:00','17:00:00'),(2085,10024,'2022-12-27','08:00:00','17:00:00'),(2086,10024,'2022-12-28','08:21:00','17:00:00'),(2087,10024,'2022-12-29','08:00:00','17:00:00'),(2088,10024,'2022-12-30','00:00:00','00:00:00'),(2089,10025,'2022-01-09','08:00:00','17:00:00'),(2090,10025,'2022-02-09','08:00:00','17:00:00'),(2091,10025,'2022-05-09','08:00:00','17:00:00'),(2092,10025,'2022-06-09','08:00:00','17:00:00'),(2093,10025,'2022-07-09','08:00:00','17:00:00'),(2094,10025,'2022-08-09','10:00:00','17:00:00'),(2095,10025,'2022-09-09','08:00:00','17:00:00'),(2096,10025,'2022-12-09','08:00:00','17:00:00'),(2097,10025,'2022-09-13','08:00:00','17:00:00'),(2098,10025,'2022-09-14','08:00:00','17:00:00'),(2099,10025,'2022-09-15','08:00:00','17:00:00'),(2100,10025,'2022-09-16','08:00:00','17:00:00'),(2101,10025,'2022-09-19','10:00:00','17:00:00'),(2102,10025,'2022-09-20','08:00:00','17:00:00'),(2103,10025,'2022-09-21','08:00:00','17:00:00'),(2104,10025,'2022-09-22','08:00:00','17:00:00'),(2105,10025,'2022-09-23','08:00:00','17:00:00'),(2106,10025,'2022-09-26','08:00:00','17:00:00'),(2107,10025,'2022-09-27','08:00:00','17:00:00'),(2108,10025,'2022-09-28','10:00:00','17:00:00'),(2109,10025,'2022-09-29','08:00:00','17:00:00'),(2110,10025,'2022-09-30','08:00:00','17:00:00'),(2111,10025,'2022-03-10','08:00:00','17:00:00'),(2112,10025,'2022-04-10','08:00:00','17:00:00'),(2113,10025,'2022-05-10','08:00:00','17:00:00'),(2114,10025,'2022-06-10','08:00:00','17:00:00'),(2115,10025,'2022-07-10','10:00:00','17:00:00'),(2116,10025,'2022-10-10','08:00:00','17:00:00'),(2117,10025,'2022-11-10','08:00:00','17:00:00'),(2118,10025,'2022-12-10','08:00:00','17:00:00'),(2119,10025,'2022-10-13','08:00:00','17:00:00'),(2120,10025,'2022-10-14','08:00:00','17:00:00'),(2121,10025,'2022-10-17','08:00:00','17:00:00'),(2122,10025,'2022-10-18','10:00:00','17:00:00'),(2123,10025,'2022-10-19','08:00:00','17:00:00'),(2124,10025,'2022-10-20','08:00:00','17:00:00'),(2125,10025,'2022-10-21','08:00:00','17:00:00'),(2126,10025,'2022-10-24','08:00:00','17:00:00'),(2127,10025,'2022-10-25','08:00:00','17:00:00'),(2128,10025,'2022-10-26','08:00:00','17:00:00'),(2129,10025,'2022-10-27','10:00:00','17:00:00'),(2130,10025,'2022-10-28','08:00:00','17:00:00'),(2131,10025,'2022-10-31','08:00:00','17:00:00'),(2132,10025,'2022-01-11','00:00:00','00:00:00'),(2133,10025,'2022-02-11','08:00:00','17:00:00'),(2134,10025,'2022-03-11','08:00:00','17:00:00'),(2135,10025,'2022-04-11','08:00:00','17:00:00'),(2136,10025,'2022-07-11','10:00:00','17:00:00'),(2137,10025,'2022-08-11','08:00:00','17:00:00'),(2138,10025,'2022-09-11','08:00:00','17:00:00'),(2139,10025,'2022-10-11','08:00:00','17:00:00'),(2140,10025,'2022-11-11','08:00:00','17:00:00'),(2141,10025,'2022-11-14','08:00:00','17:00:00'),(2142,10025,'2022-11-15','08:00:00','17:00:00'),(2143,10025,'2022-11-16','10:00:00','17:00:00'),(2144,10025,'2022-11-17','08:00:00','17:00:00'),(2145,10025,'2022-11-18','08:00:00','17:00:00'),(2146,10025,'2022-11-21','08:00:00','17:00:00'),(2147,10025,'2022-11-22','08:00:00','17:00:00'),(2148,10025,'2022-11-23','08:00:00','17:00:00'),(2149,10025,'2022-11-24','08:00:00','17:00:00'),(2150,10025,'2022-11-25','10:00:00','17:00:00'),(2151,10025,'2022-11-28','08:00:00','17:00:00'),(2152,10025,'2022-11-29','08:00:00','17:00:00'),(2153,10025,'2022-11-30','00:00:00','00:00:00'),(2154,10025,'2022-01-12','08:00:00','17:00:00'),(2155,10025,'2022-02-12','08:00:00','17:00:00'),(2156,10025,'2022-05-12','08:00:00','17:00:00'),(2157,10025,'2022-06-12','10:00:00','17:00:00'),(2158,10025,'2022-07-12','08:00:00','17:00:00'),(2159,10025,'2022-08-12','00:00:00','00:00:00'),(2160,10025,'2022-09-12','08:00:00','17:00:00'),(2161,10025,'2022-12-12','08:00:00','17:00:00'),(2162,10025,'2022-12-13','08:00:00','17:00:00'),(2163,10025,'2022-12-14','08:00:00','17:00:00'),(2164,10025,'2022-12-15','10:00:00','17:00:00'),(2165,10025,'2022-12-16','08:00:00','17:00:00'),(2166,10025,'2022-12-19','08:00:00','17:00:00'),(2167,10025,'2022-12-20','08:00:00','17:00:00'),(2168,10025,'2022-12-21','08:00:00','17:00:00'),(2169,10025,'2022-12-22','08:00:00','17:00:00'),(2170,10025,'2022-12-23','08:00:00','17:00:00'),(2171,10025,'2022-12-26','10:00:00','17:00:00'),(2172,10025,'2022-12-27','08:00:00','17:00:00'),(2173,10025,'2022-12-28','08:00:00','17:00:00'),(2174,10025,'2022-12-29','08:00:00','17:00:00'),(2175,10025,'2022-12-30','00:00:00','00:00:00'),(2176,10001,'2025-03-08','15:32:00','16:09:00'),(2177,10001,'2025-03-08','15:38:00','16:09:00'),(2178,10001,'2025-03-08','15:41:00','16:09:00'),(2179,10001,'2025-03-08','16:45:00','17:08:00'),(2180,10001,'2025-03-08','17:09:00','17:09:00'),(2181,10006,'2025-03-08','17:31:00','17:37:00'),(2182,10005,'2025-03-09','12:51:00','12:51:00'),(2183,10005,'2025-03-10','10:55:00','10:55:00'),(2184,10025,'2025-03-10','11:17:00','11:25:00'),(2185,10001,'2025-03-10','12:39:00','12:39:00'),(2186,10006,'2025-03-10','14:38:00','14:39:00'),(2187,10006,'2025-03-11','21:18:00','21:19:00'),(2188,10006,'2025-03-11','22:17:00','22:17:00'),(2189,10006,'2025-03-11','23:56:00','23:56:00'),(2190,10010,'2025-03-12','15:27:00','15:27:00'),(2191,10006,'2025-03-13','12:07:00','15:24:00'),(2192,10006,'2025-03-13','21:05:00','21:06:00'),(2193,10006,'2025-03-13','21:17:00','21:17:00'),(2194,10001,'2025-03-13','21:19:00','21:19:00'),(2195,10010,'2025-03-13','21:32:00','21:33:00'),(2196,10001,'2025-03-14','10:41:00','10:41:00'),(2197,10006,'2025-03-15','16:19:00','16:19:00'),(2198,10001,'2025-03-16','22:43:00','22:43:00'),(2199,10006,'2025-03-19','15:40:00','15:40:00'),(2205,10025,'2025-03-24','18:02:53','18:03:27'),(2206,10006,'2025-03-24','18:05:06','18:05:16'),(2207,10001,'2025-03-25','13:54:28','14:07:42'),(2208,10021,'2025-03-25','16:28:23','16:28:44'),(2209,10020,'2025-03-26','13:09:59','13:10:23'),(2210,10020,'2025-03-27','01:16:00','01:16:03'),(2211,10020,'2025-03-27','12:09:18','12:09:23'),(2212,10001,'2025-03-27','12:21:17','12:21:33'),(2213,10006,'2025-03-31','15:08:25','15:09:02'),(2214,10006,'2025-03-31','15:09:03','15:09:04'),(2215,10020,'2025-04-04','20:35:21','01:00:20'),(2216,10020,'2025-04-04','20:35:21','01:00:20'),(2217,10020,'2025-04-04','20:41:12','01:00:20'),(2218,10020,'2025-04-04','20:47:34','20:47:37'),(2219,10006,'2025-05-13','19:15:25','19:22:56'),(2220,10006,'2025-05-13','19:28:09','19:28:19'),(2221,10006,'2025-05-13','23:18:43','23:25:29'),(2222,10006,'2025-05-16','15:46:16','15:46:21'),(2223,10006,'2025-05-16','18:07:16','18:07:24'),(2224,10006,'2025-05-16','18:07:28','18:07:49'),(2225,10003,'2025-05-16','18:16:13','18:16:15'),(2226,10003,'2025-05-16','18:16:19','18:17:09'),(2227,10003,'2025-05-16','18:17:21','18:17:35'),(2228,10003,'2025-05-16','18:18:34','18:19:03'),(2229,10006,'2025-05-20','21:42:29','21:42:34'),(2230,10006,'2025-05-20','21:42:51','21:42:56'),(2231,10006,'2025-05-21','11:08:51','11:34:58'),(2232,10006,'2025-05-21','11:35:09','12:07:17'),(2233,10006,'2025-05-24','12:25:16','12:25:23'),(2234,10006,'2025-05-30','23:47:52','23:47:58'),(2235,10006,'2025-06-01','13:11:18','13:11:23'),(2236,10006,'2025-06-02','08:00:00','16:00:00'),(2237,10006,'2025-06-03','08:00:00','16:00:00'),(2238,10001,'2025-07-01','08:00:00','16:00:00'),(2239,10001,'2025-07-02','08:00:00','16:00:00'),(2240,10001,'2025-07-03','08:00:00','16:00:00'),(2241,10006,'2025-12-01','08:00:00','16:00:00'),(2242,10006,'2025-06-03','17:48:53','17:48:57'),(2243,10006,'2025-06-05','13:53:42','13:54:24'),(2244,10006,'2025-06-05','13:54:39','14:17:53'),(2245,10006,'2025-06-06','22:18:59','22:19:01'),(2246,10003,'2025-06-12','08:00:00','16:00:00'),(2255,10001,'2024-06-01','08:00:00','17:00:00'),(2256,10001,'2024-06-10','08:00:00','16:00:00'),(2257,10001,'2024-06-11','08:00:00','16:00:00'),(2258,10001,'2024-06-12','08:00:00','16:00:00'),(2259,10003,'2025-06-13','01:13:04','01:13:09'),(2260,10003,'2025-06-13','01:13:15','01:13:17'),(2261,10001,'2024-06-01','08:00:00','17:00:00'),(2262,10001,'2024-06-10','08:00:00','16:00:00'),(2263,10001,'2024-06-11','08:00:00','16:00:00'),(2264,10001,'2024-06-12','08:00:00','16:00:00'),(2265,10006,'2025-06-13','14:20:24','14:20:40'),(2266,10006,'2025-06-13','14:25:21','14:25:23'),(2267,10006,'2025-06-13','15:49:16','15:49:17'),(2268,10001,'2025-06-13','18:00:40','18:45:18'),(2269,10001,'2024-06-01','08:00:00','17:00:00'),(2270,10001,'2024-06-10','08:00:00','16:00:00'),(2271,10001,'2024-06-11','08:00:00','16:00:00'),(2272,10001,'2024-06-12','08:00:00','16:00:00'),(2273,10006,'2025-06-14','13:56:36','13:56:44'),(2274,10006,'2025-06-14','17:28:20','17:53:32'),(2275,10006,'2025-06-14','18:31:57','18:31:58'),(2276,10001,'2024-06-01','08:00:00','17:00:00'),(2277,10001,'2024-06-10','08:00:00','16:00:00'),(2278,10001,'2024-06-11','08:00:00','16:00:00'),(2279,10001,'2024-06-12','08:00:00','16:00:00'),(2280,10003,'2025-06-14','21:17:09','21:21:07'),(2281,10001,'2025-06-14','21:55:58','21:56:00'),(2282,10001,'2024-06-01','08:00:00','17:00:00'),(2283,10001,'2024-06-10','08:00:00','16:00:00'),(2284,10001,'2024-06-11','08:00:00','16:00:00'),(2285,10001,'2024-06-12','08:00:00','16:00:00');
/*!40000 ALTER TABLE `attendance` ENABLE KEYS */;
UNLOCK TABLES;

--
-- Table structure for table `credentials`
--

DROP TABLE IF EXISTS `credentials`;
/*!40101 SET @saved_cs_client     = @@character_set_client */;
/*!50503 SET character_set_client = utf8mb4 */;
CREATE TABLE `credentials` (
  `credentialsID` int NOT NULL AUTO_INCREMENT,
  `employeeID` int NOT NULL,
  `username` varchar(50) CHARACTER SET utf8mb4 COLLATE utf8mb4_general_ci NOT NULL,
  `password` varchar(255) CHARACTER SET utf8mb4 COLLATE utf8mb4_general_ci NOT NULL,
  `totpSecret` varchar(70) COLLATE utf8mb4_general_ci DEFAULT NULL,
  PRIMARY KEY (`credentialsID`),
  UNIQUE KEY `username` (`username`),
  KEY `fk_credentials_employee` (`employeeID`),
  CONSTRAINT `fk_credentials_employee` FOREIGN KEY (`employeeID`) REFERENCES `employees` (`employeeID`) ON DELETE CASCADE ON UPDATE CASCADE
) ENGINE=InnoDB AUTO_INCREMENT=26 DEFAULT CHARSET=utf8mb4 COLLATE=utf8mb4_general_ci;
/*!40101 SET character_set_client = @saved_cs_client */;

--
-- Dumping data for table `credentials`
--

LOCK TABLES `credentials` WRITE;
/*!40000 ALTER TABLE `credentials` DISABLE KEYS */;
INSERT INTO `credentials` VALUES (1,10001,'Garcia','123',NULL),(2,10002,'Lim','123',NULL),(3,10003,'Aquino','123',NULL),(4,10004,'Reyes','123',NULL),(5,10005,'Hernandez','123',NULL),(6,10006,'Villanueva','123','EVUAVCQI66HLS6SQ'),(7,10007,'San Jose B','123',NULL),(8,10008,'Romualdez A','123',NULL),(9,10009,'Atienza','123',NULL),(10,10010,'Alvaro','123',NULL),(11,10011,'Salcedo','123',NULL),(12,10012,'Lopez','123',NULL),(13,10013,'Farala','123',NULL),(14,10014,'Martinez','123',NULL),(15,10015,'Romualdez F','123',NULL),(17,10017,'De Leon','123',NULL),(18,10018,'San Jose','123',NULL),(19,10019,'Rosario','123',NULL),(20,10020,'Bautista','123',NULL),(21,10021,'Lazaro','123',NULL),(22,10022,'Delos Santos','123',NULL),(23,10023,'Del Rosario','123',NULL),(24,10024,'Santos','123',NULL),(25,10025,'Tolentino','123',NULL);
/*!40000 ALTER TABLE `credentials` ENABLE KEYS */;
UNLOCK TABLES;

--
-- Table structure for table `employees`
--

DROP TABLE IF EXISTS `employees`;
/*!40101 SET @saved_cs_client     = @@character_set_client */;
/*!50503 SET character_set_client = utf8mb4 */;
CREATE TABLE `employees` (
  `employeeID` int NOT NULL AUTO_INCREMENT,
  `lastName` varchar(50) NOT NULL,
  `firstName` varchar(50) NOT NULL,
  `birthday` date NOT NULL,
  `address` varchar(255) NOT NULL,
  `phoneNumber` varchar(15) NOT NULL,
  `statusID` int NOT NULL,
  `positionID` int NOT NULL,
  `roleID` int NOT NULL,
  `supervisorID` int DEFAULT NULL,
  PRIMARY KEY (`employeeID`),
  KEY `fk_employees_roles` (`roleID`),
  KEY `fk_supervisorID_employeeID` (`supervisorID`),
  KEY `fk_employee_position` (`positionID`),
  KEY `fk_employee_status` (`statusID`),
  CONSTRAINT `fk_employee_position` FOREIGN KEY (`positionID`) REFERENCES `position` (`positionID`),
  CONSTRAINT `fk_employee_status` FOREIGN KEY (`statusID`) REFERENCES `status` (`statusID`),
  CONSTRAINT `fk_employees_roles` FOREIGN KEY (`roleID`) REFERENCES `roles` (`roleID`),
  CONSTRAINT `fk_supervisorID_employeeID` FOREIGN KEY (`supervisorID`) REFERENCES `employees` (`employeeID`) ON DELETE SET NULL ON UPDATE CASCADE
) ENGINE=InnoDB AUTO_INCREMENT=10068 DEFAULT CHARSET=utf8mb3;
/*!40101 SET character_set_client = @saved_cs_client */;

--
-- Dumping data for table `employees`
--

LOCK TABLES `employees` WRITE;
/*!40000 ALTER TABLE `employees` DISABLE KEYS */;
INSERT INTO `employees` VALUES (10001,'Garcia','Manuel III','1983-10-11','Valero Carpark Building Valero Street 1227, Makati City','966-860-277',1,3,1,10001),(10002,'Lim','Antonio','1988-06-19','San Antonio De Padua 2, Block 1 Lot 8 and 2, Dasmarinas, Cavite','171-867-412',1,2,1,10001),(10003,'Aquino','Bianca Sofia','1989-08-04','Rm. 402 4/F Jiao Building Timog Avenue Cor. Quezon Avenue 1100, Quezon City','966-889-370',1,3,3,10001),(10004,'Reyes','Isabella','1994-06-16','460 Solanda Street Intramuros 1000, Manila','786-868-477',1,4,1,10001),(10005,'Hernandez','Eduard','1989-09-23','National Highway, Gingoog,  Misamis Occidental','088-861-012',1,5,4,10002),(10006,'Villanueva','Andrea Mae','1988-02-14','17/85 Stracke Via Suite 042, Poblacion, Las Pias 4783 Dinagat Islands','918-621-603',1,6,2,10002),(10007,'San Jose','Brad','1996-03-15','99 Strosin Hills, Poblacion, Bislig 5340 Tawi-Tawi','797-009-261',1,7,2,10006),(10008,'Romualdez','Alice','1992-05-14','12A/33 Upton Isle Apt. 420, Roxas City 1814 Surigao del Norte','983-606-799',1,8,1,10007),(10009,'Atienza','Rosie','1948-09-24','90A Dibbert Terrace Apt. 190, San Lorenzo 6056 Davao del Norte','266-036-427',1,8,1,10007),(10010,'Alvaro','Roderick','1988-03-30','#284 T. Morato corner, Scout Rallos Street, Quezon City','053-381-386',1,9,3,10003),(10011,'Salcedo','Anthony','1993-09-14','93/54 Shanahan Alley Apt. 183, Santo Tomas 1572 Masbate','070-766-300',1,10,3,10010),(10012,'Lopez','Josie','1987-01-14','49 Springs Apt. 266, Poblacion, Taguig 3200 Occidental Mindoro','478-355-427',1,11,3,10011),(10013,'Farala','Martha','1942-01-11','42/25 Sawayn Stream, Ubay 1208 Zamboanga del Norte','329-034-366',1,12,1,10011),(10014,'Martinez','Leila','1970-07-11','37/46 Kulas Roads, Maragondon 0962 Quirino ','877-110-749',1,12,1,10011),(10015,'Romualdez','Fredrick','1985-03-10','22A/52 Lubowitz Meadows, Pililla 4895 Zambales','023-079-009',1,13,1,10002),(10016,'Mata','Christian','1987-10-21','90 O\'Keefe Spur Apt. 379, Catigbian 2772 Sulu ','783-776-744',1,14,1,10015),(10017,'De Leon','Selena','1975-02-20','89A Armstrong Trace, Compostela 7874 Maguindanao','975-432-139',1,14,1,10015),(10018,'San Jose','Allison','1986-06-24','08 Grant Drive Suite 406, Poblacion, Iloilo City 9186 La Union','179-075-129',1,15,1,10016),(10019,'Rosario','Cydney','1996-10-06','93A/21 Berge Points, Tapaz 2180 Quezon','868-819-912',1,15,1,10016),(10020,'Bautista','Mark','1991-02-12','65 Murphy Center Suite 094, Poblacion, Palayan 5636 Quirino','683-725-348',1,15,1,10016),(10021,'Lazaro','Darlene','1985-11-25','47A/94 Larkin Plaza Apt. 179, Poblacion, Caloocan 2751 Quirino','740-721-558',2,15,1,10016),(10022,'Delos Santos','Kolby','1980-02-26','06A Gulgowski Extensions, Bongabon 6085 Zamboanga del Sur','739-443-033',2,15,1,10016),(10023,'Santos','Vella','1983-12-31','99A Padberg Spring, Poblacion, Mabalacat 3959 Lanao del Sur','955-879-269',2,15,1,10016),(10024,'Del Rosario','Tomas','1978-12-18','80A/48 Ledner Ridges, Poblacion, Kabankalan 8870 Marinduque','882-550-989',2,15,1,10016),(10025,'Tolentino','Jacklyn','1984-05-19','96/48 Watsica Flats Suite 734, Poblacion, Malolos 1844 Ifugao','675-757-366',2,15,1,10017),(10026,'Gutierrez','Percival','1970-12-18','58A Wilderman Walks, Poblacion, Digos 5822 Davao del Sur','512-899-876',2,15,1,10017),(10027,'Manalaysay','Garfield','1986-08-28','60 Goyette Valley Suite 219, Poblacion, Tabuk 3159 Lanao del Sur','948-628-136',2,14,1,10017),(10028,'Villegas','Lizeth','1981-12-12','66/77 Mann Views, Luisiana 1263 Dinagat Islands','332-372-215',2,15,1,10017),(10029,'Ramos','Carol','1978-08-20','72/70 Stamm Spurs, Bustos 4550 Iloilo','250-700-389',2,15,1,10017),(10030,'Maceda','Emelia','1973-04-14','50A/83 Bahringer Oval Suite 145, Kiamba 7688 Nueva Ecija','973-358-041',2,15,1,10017),(10031,'Aguilar','Delia','1989-01-27','95 Cremin Junction, Surallah 2809 Cotabato','529-705-439',2,15,1,10017),(10032,'Castro','John Rafael','1992-02-09','Hi-way, Yati, Liloan Cebu','332-424-955',1,16,1,10004),(10033,'Martinez','Carlos Ian','1990-11-16','Bulala, Camalaniugan','078-854-208',1,17,1,10004),(10034,'Santos','Beatriz','1990-08-07','Agapita Building, Metro Manila','526-639-511',1,18,1,10004),(10065,'testSurname','Employee test','2003-05-23','Default Address','123-123-123',1,6,4,10001),(10067,'testSurname','Employee test','2003-05-23','Default Address','123-123-123',1,6,4,10001);
/*!40000 ALTER TABLE `employees` ENABLE KEYS */;
UNLOCK TABLES;
/*!50003 SET @saved_cs_client      = @@character_set_client */ ;
/*!50003 SET @saved_cs_results     = @@character_set_results */ ;
/*!50003 SET @saved_col_connection = @@collation_connection */ ;
/*!50003 SET character_set_client  = utf8mb4 */ ;
/*!50003 SET character_set_results = utf8mb4 */ ;
/*!50003 SET collation_connection  = utf8mb4_0900_ai_ci */ ;
/*!50003 SET @saved_sql_mode       = @@sql_mode */ ;
/*!50003 SET sql_mode              = 'ONLY_FULL_GROUP_BY,STRICT_TRANS_TABLES,NO_ZERO_IN_DATE,NO_ZERO_DATE,ERROR_FOR_DIVISION_BY_ZERO,NO_ENGINE_SUBSTITUTION' */ ;
DELIMITER ;;
/*!50003 CREATE*/ /*!50017 DEFINER=`root`@`localhost`*/ /*!50003 TRIGGER `afterEmployeeInsert` AFTER INSERT ON `employees` FOR EACH ROW BEGIN 
INSERT INTO leavecredit (employeeID, leaveTypeID, balance)
VALUES 
(NEW.employeeID, 1, 10),
(NEW.employeeID, 2, 10),
(NEW.employeeID, 3, 10);


END */;;
DELIMITER ;
/*!50003 SET sql_mode              = @saved_sql_mode */ ;
/*!50003 SET character_set_client  = @saved_cs_client */ ;
/*!50003 SET character_set_results = @saved_cs_results */ ;
/*!50003 SET collation_connection  = @saved_col_connection */ ;

--
-- Table structure for table `governmentnumber`
--

DROP TABLE IF EXISTS `governmentnumber`;
/*!40101 SET @saved_cs_client     = @@character_set_client */;
/*!50503 SET character_set_client = utf8mb4 */;
CREATE TABLE `governmentnumber` (
  `governmentNumberID` int NOT NULL AUTO_INCREMENT,
  `employeeID` int NOT NULL,
  `sssNumber` varchar(20) CHARACTER SET utf8mb4 COLLATE utf8mb4_general_ci DEFAULT NULL,
  `philhealthNumber` varchar(20) CHARACTER SET utf8mb4 COLLATE utf8mb4_general_ci DEFAULT NULL,
  `pagibigNumber` varchar(20) CHARACTER SET utf8mb4 COLLATE utf8mb4_general_ci DEFAULT NULL,
  `tinNumber` varchar(20) CHARACTER SET utf8mb4 COLLATE utf8mb4_general_ci DEFAULT NULL,
  PRIMARY KEY (`governmentNumberID`),
  UNIQUE KEY `employeeID_UNIQUE` (`employeeID`),
  CONSTRAINT `fk_governmentnumber_employee` FOREIGN KEY (`employeeID`) REFERENCES `employees` (`employeeID`) ON DELETE CASCADE ON UPDATE CASCADE
) ENGINE=InnoDB AUTO_INCREMENT=87 DEFAULT CHARSET=utf8mb4 COLLATE=utf8mb4_general_ci;
/*!40101 SET character_set_client = @saved_cs_client */;

--
-- Dumping data for table `governmentnumber`
--

LOCK TABLES `governmentnumber` WRITE;
/*!40000 ALTER TABLE `governmentnumber` DISABLE KEYS */;
INSERT INTO `governmentnumber` VALUES (1,10001,'44-4506057-3','820126853951','691295330870','442-605-657-000'),(2,10002,'52-2061274-9','331735646338','663904995411','683-102-776-000'),(3,10003,'30-8870406-2','177451189665','171519773969','971-711-280-000'),(4,10004,'40-2511815-0','341911411254','416946776041','876-809-437-000'),(5,10005,'50-5577638-1','957436191812','952347222457','031-702-374-000'),(6,10006,'49-1632020-8','382189453145','441093369646','317-674-022-000'),(7,10007,'40-2400714-1','239192926939','210850209964','672-474-690-000'),(8,10008,'55-4476527-2','545652640232','211385556888','888-572-294-000'),(9,10009,'41-0644692-3','708988234853','260107732354','604-997-793-000'),(10,10010,'64-7605054-4','578114853194','799254095212','525-420-419-000'),(11,10011,'26-9647608-3','126445315651','218002473454','210-805-911-000'),(12,10012,'44-8563448-3','431709011012','113071293354','218-489-737-000'),(13,10013,'45-5656375-0','233693897247','631130283546','210-835-851-000'),(14,10014,'27-2090996-4','515741057496','101205445886','275-792-513-000'),(15,10015,'26-8768374-1','308366860059','223057707853','598-065-761-000'),(16,10016,'49-2959312-6','824187961962','631052853464','103-100-522-000'),(17,10017,'27-2090208-8','587272469938','719007608464','482-259-498-000'),(18,10018,'45-3251383-0','745148459521','114901859343','121-203-336-000'),(19,10019,'49-1629900-2','579253435499','265104358643','122-244-511-000'),(20,10020,'49-1647342-6','399665157135','260054585575','273-970-941-000'),(21,10021,'45-5617168-2','606386917510','104907708845','354-650-951-000'),(22,10022,'52-0109570-6','357451271274','113017988667','187-500-345-000'),(23,10023,'52-9883524-3','548670482885','360028104576','101-558-994-000'),(24,10024,'45-5866331-6','953901539995','913108649964','560-735-732-000'),(25,10025,'47-1692793-0','753800654114','210546661243','841-177-857-000'),(26,10026,'40-9504657-8','797639382265','210897095686','502-995-671-000'),(27,10027,'45-3298166-4','810909286264','211274476563','336-676-445-000'),(28,10028,'40-2400719-4','934389652994','122238077997','210-395-397-000'),(29,10029,'60-1152206-4','351830469744','212141893454','395-032-717-000'),(30,10030,'54-1331005-0','465087894112','515012579765','215-973-013-000'),(31,10031,'52-1859253-1','136451303068','110018813465','599-312-588-000'),(32,10032,'26-7145133-4','601644902402','697764069311','404-768-309-000'),(33,10033,'11-5062972-7','380685387212','993372963726','256-436-296-000'),(34,10034,'20-2987501-5','918460050077','874042259378','911-529-713-000'),(84,10065,'123','123','123','123'),(86,10067,'123','123','123','123');
/*!40000 ALTER TABLE `governmentnumber` ENABLE KEYS */;
UNLOCK TABLES;

--
-- Table structure for table `leavecredit`
--

DROP TABLE IF EXISTS `leavecredit`;
/*!40101 SET @saved_cs_client     = @@character_set_client */;
/*!50503 SET character_set_client = utf8mb4 */;
CREATE TABLE `leavecredit` (
  `leaveCreditID` int NOT NULL AUTO_INCREMENT,
  `employeeID` int NOT NULL,
  `leaveTypeID` int NOT NULL,
  `balance` int NOT NULL,
  PRIMARY KEY (`leaveCreditID`),
  KEY `leaveTypeID` (`leaveTypeID`),
  KEY `employeeID` (`employeeID`),
  CONSTRAINT `leavecredit_ibfk_1` FOREIGN KEY (`leaveTypeID`) REFERENCES `leavetype` (`leaveTypeID`),
  CONSTRAINT `leavecredit_ibfk_2` FOREIGN KEY (`employeeID`) REFERENCES `employees` (`employeeID`) ON DELETE CASCADE ON UPDATE CASCADE
) ENGINE=InnoDB AUTO_INCREMENT=127 DEFAULT CHARSET=utf8mb4 COLLATE=utf8mb4_general_ci;
/*!40101 SET character_set_client = @saved_cs_client */;

--
-- Dumping data for table `leavecredit`
--

LOCK TABLES `leavecredit` WRITE;
/*!40000 ALTER TABLE `leavecredit` DISABLE KEYS */;
INSERT INTO `leavecredit` VALUES (1,10001,1,10),(2,10001,2,10),(3,10001,3,10),(4,10002,1,10),(5,10002,2,10),(6,10002,3,10),(7,10003,1,9),(8,10003,2,10),(9,10003,3,10),(10,10004,1,10),(11,10004,2,10),(12,10004,3,10),(13,10005,1,11),(14,10005,2,10),(15,10005,3,10),(16,10006,1,7),(17,10006,2,7),(18,10006,3,9),(19,10007,1,10),(20,10007,2,10),(21,10007,3,10),(22,10008,1,10),(23,10008,2,10),(24,10008,3,10),(25,10009,1,10),(26,10009,2,10),(27,10009,3,10),(28,10010,1,10),(29,10010,2,10),(30,10010,3,10),(31,10011,1,12),(32,10011,2,10),(33,10011,3,10),(34,10012,1,10),(35,10012,2,10),(36,10012,3,10),(37,10013,1,8),(38,10013,2,10),(39,10013,3,10),(40,10014,1,10),(41,10014,2,10),(42,10014,3,10),(43,10015,1,10),(44,10015,2,10),(45,10015,3,10),(46,10016,1,10),(47,10016,2,10),(48,10016,3,10),(49,10017,1,10),(50,10017,2,10),(51,10017,3,10),(52,10018,1,10),(53,10018,2,10),(54,10018,3,10),(55,10019,1,10),(56,10019,2,10),(57,10019,3,10),(58,10020,1,10),(59,10020,2,10),(60,10020,3,10),(61,10021,1,10),(62,10021,2,10),(63,10021,3,10),(64,10022,1,10),(65,10022,2,10),(66,10022,3,10),(67,10023,1,10),(68,10023,2,10),(69,10023,3,10),(70,10024,1,10),(71,10024,2,10),(72,10024,3,10),(73,10025,1,10),(74,10025,2,10),(75,10025,3,10),(76,10026,1,10),(77,10026,2,10),(78,10026,3,10),(79,10027,1,10),(80,10027,2,10),(81,10027,3,10),(82,10028,1,10),(83,10028,2,10),(84,10028,3,10),(85,10029,1,10),(86,10029,2,10),(87,10029,3,10),(88,10030,1,10),(89,10030,2,10),(90,10030,3,10),(91,10031,1,10),(92,10031,2,10),(93,10031,3,10),(94,10032,1,10),(95,10032,2,10),(96,10032,3,10),(97,10033,1,10),(98,10033,2,10),(99,10033,3,10),(100,10034,1,10),(101,10034,2,10),(102,10034,3,10),(118,10065,1,10),(119,10065,2,10),(120,10065,3,10),(124,10067,1,10),(125,10067,2,10),(126,10067,3,10);
/*!40000 ALTER TABLE `leavecredit` ENABLE KEYS */;
UNLOCK TABLES;

--
-- Table structure for table `leaves`
--

DROP TABLE IF EXISTS `leaves`;
/*!40101 SET @saved_cs_client     = @@character_set_client */;
/*!50503 SET character_set_client = utf8mb4 */;
CREATE TABLE `leaves` (
  `leaveID` int NOT NULL AUTO_INCREMENT,
  `employeeID` int NOT NULL,
  `leaveTypeID` int DEFAULT NULL,
  `startDate` date NOT NULL,
  `endDate` date NOT NULL,
  `status` enum('Pending','Approved','Denied') CHARACTER SET utf8mb4 COLLATE utf8mb4_general_ci NOT NULL DEFAULT 'Pending',
  `submittedDate` datetime NOT NULL DEFAULT CURRENT_TIMESTAMP,
  `processedDate` datetime DEFAULT NULL,
  `remarks` varchar(255) CHARACTER SET utf8mb4 COLLATE utf8mb4_general_ci NOT NULL,
  PRIMARY KEY (`leaveID`),
  KEY `fk_leaves_employee` (`employeeID`),
  KEY `fk_leaves_leaveType` (`leaveTypeID`),
  CONSTRAINT `fk_leaves_employee` FOREIGN KEY (`employeeID`) REFERENCES `employees` (`employeeID`) ON DELETE CASCADE ON UPDATE CASCADE,
  CONSTRAINT `fk_leaves_leaveType` FOREIGN KEY (`leaveTypeID`) REFERENCES `leavetype` (`leaveTypeID`)
) ENGINE=InnoDB AUTO_INCREMENT=30 DEFAULT CHARSET=utf8mb4 COLLATE=utf8mb4_general_ci;
/*!40101 SET character_set_client = @saved_cs_client */;

--
-- Dumping data for table `leaves`
--

LOCK TABLES `leaves` WRITE;
/*!40000 ALTER TABLE `leaves` DISABLE KEYS */;
INSERT INTO `leaves` VALUES (1,10001,1,'2025-04-03','2025-04-14','Denied','2025-04-06 15:19:24','2025-04-07 20:53:21','hehe'),(3,10006,1,'2025-04-16','2025-04-17','Approved','2025-04-15 12:24:48','2025-04-15 17:55:12','Going out'),(4,10006,1,'2025-04-16','2025-04-17','Denied','2025-04-15 20:09:58','2025-04-15 20:10:30','Bounce nako sir'),(5,10006,2,'2025-04-17','2025-04-19','Denied','2025-04-15 20:15:06','2025-04-15 20:15:22','Check up'),(6,10006,1,'2025-04-16','2025-04-25','Denied','2025-04-15 20:21:54','2025-04-15 20:24:45','asd'),(7,10006,1,'2025-04-17','2025-04-24','Denied','2025-04-15 20:36:26','2025-04-15 20:37:09','asd'),(9,10025,1,'2025-04-20','2025-04-30','Approved','2025-04-18 01:08:13','2025-04-18 01:08:44','Beach'),(10,10025,2,'2025-05-07','2025-05-08','Approved','2025-05-07 11:17:33','2025-05-07 11:18:42','sick'),(11,10025,2,'2025-05-09','2025-05-13','Approved','2025-05-07 11:18:09','2025-05-07 11:18:47','very sick'),(12,10025,2,'2025-05-20','2025-05-26','Denied','2025-05-07 11:18:22','2025-05-07 11:18:59','very very sick'),(13,10006,1,'2025-05-17','2025-05-20','Denied','2025-05-17 13:42:00','2025-05-17 13:47:44','hhe'),(14,10006,3,'2025-05-17','2025-05-17','Approved','2025-05-17 21:59:03','2025-05-17 21:59:13','1 day leave'),(15,10003,1,'2025-05-20','2025-05-21','Approved','2025-05-20 19:13:44','2025-05-20 19:14:04','vacation'),(16,10006,1,'2025-05-25','2025-05-26','Approved','2025-05-25 00:52:54','2025-05-25 00:53:02','vac'),(17,10006,2,'2025-05-25','2025-05-25','Approved','2025-05-25 00:55:49','2025-05-25 00:55:55','a'),(18,10006,3,'2025-05-25','2025-05-25','Approved','2025-05-25 01:07:15','2025-05-25 01:08:35','try'),(19,10006,1,'2025-05-25','2025-05-26','Denied','2025-05-25 01:08:23','2025-05-25 01:08:32','try1'),(20,10006,2,'2025-06-02','2025-06-03','Approved','2025-06-01 22:12:03','2025-06-01 22:12:32','Check up'),(21,10001,3,'2025-07-01','2025-07-03','Approved','2025-06-02 13:49:41','2025-06-02 13:51:00','I need time'),(22,10001,3,'2025-06-02','2025-06-08','Denied','2025-06-02 13:52:15','2025-06-02 13:52:35','a'),(23,10006,1,'2025-12-01','2025-12-01','Approved','2025-06-02 14:19:47','2025-06-02 14:19:54','1 day'),(24,10003,1,'2025-06-12','2025-06-12','Approved','2025-06-11 13:45:24','2025-06-11 13:45:40','a'),(25,10006,1,'2025-06-14','2025-06-14','Pending','2025-06-13 15:17:41',NULL,'test'),(26,10006,1,'2025-06-14','2025-06-15','Pending','2025-06-14 14:48:58',NULL,'a'),(27,10006,1,'2025-06-14','2025-06-16','Pending','2025-06-14 16:01:28',NULL,'b'),(28,10003,2,'2025-06-14','2025-06-15','Pending','2025-06-14 21:18:21',NULL,'sick'),(29,10007,1,'2025-06-16','2025-06-16','Pending','2025-06-15 15:17:54',NULL,'asd');
/*!40000 ALTER TABLE `leaves` ENABLE KEYS */;
UNLOCK TABLES;

--
-- Table structure for table `leavetype`
--

DROP TABLE IF EXISTS `leavetype`;
/*!40101 SET @saved_cs_client     = @@character_set_client */;
/*!50503 SET character_set_client = utf8mb4 */;
CREATE TABLE `leavetype` (
  `leaveTypeID` int NOT NULL AUTO_INCREMENT,
  `leaveTypeName` varchar(50) CHARACTER SET utf8mb4 COLLATE utf8mb4_general_ci NOT NULL,
  PRIMARY KEY (`leaveTypeID`),
  UNIQUE KEY `leaveTypeName` (`leaveTypeName`)
) ENGINE=InnoDB AUTO_INCREMENT=4 DEFAULT CHARSET=utf8mb4 COLLATE=utf8mb4_general_ci;
/*!40101 SET character_set_client = @saved_cs_client */;

--
-- Dumping data for table `leavetype`
--

LOCK TABLES `leavetype` WRITE;
/*!40000 ALTER TABLE `leavetype` DISABLE KEYS */;
INSERT INTO `leavetype` VALUES (2,'Medical'),(3,'Personal'),(1,'Vacation');
/*!40000 ALTER TABLE `leavetype` ENABLE KEYS */;
UNLOCK TABLES;

--
-- Table structure for table `pagibigmatrix`
--

DROP TABLE IF EXISTS `pagibigmatrix`;
/*!40101 SET @saved_cs_client     = @@character_set_client */;
/*!50503 SET character_set_client = utf8mb4 */;
CREATE TABLE `pagibigmatrix` (
  `pagibigMatrixID` int NOT NULL AUTO_INCREMENT,
  `minSalary` decimal(10,2) NOT NULL,
  `maxSalary` decimal(10,2) NOT NULL,
  `employeeRate` decimal(6,4) NOT NULL,
  `maxContribution` decimal(5,2) NOT NULL,
  PRIMARY KEY (`pagibigMatrixID`)
) ENGINE=InnoDB AUTO_INCREMENT=3 DEFAULT CHARSET=utf8mb4 COLLATE=utf8mb4_general_ci;
/*!40101 SET character_set_client = @saved_cs_client */;

--
-- Dumping data for table `pagibigmatrix`
--

LOCK TABLES `pagibigmatrix` WRITE;
/*!40000 ALTER TABLE `pagibigmatrix` DISABLE KEYS */;
INSERT INTO `pagibigmatrix` VALUES (1,1000.00,1500.00,0.0100,100.00),(2,1500.00,999999.00,0.0200,100.00);
/*!40000 ALTER TABLE `pagibigmatrix` ENABLE KEYS */;
UNLOCK TABLES;

--
-- Table structure for table `philhealthmatrix`
--

DROP TABLE IF EXISTS `philhealthmatrix`;
/*!40101 SET @saved_cs_client     = @@character_set_client */;
/*!50503 SET character_set_client = utf8mb4 */;
CREATE TABLE `philhealthmatrix` (
  `philhealthMatrixID` int NOT NULL AUTO_INCREMENT,
  `minSalary` decimal(10,2) NOT NULL,
  `maxSalary` decimal(10,2) NOT NULL,
  `premiumRate` decimal(6,4) NOT NULL,
  `maxContribution` decimal(10,2) DEFAULT NULL,
  `employeeShareRate` decimal(6,4) DEFAULT NULL,
  PRIMARY KEY (`philhealthMatrixID`)
) ENGINE=InnoDB AUTO_INCREMENT=4 DEFAULT CHARSET=utf8mb4 COLLATE=utf8mb4_general_ci;
/*!40101 SET character_set_client = @saved_cs_client */;

--
-- Dumping data for table `philhealthmatrix`
--

LOCK TABLES `philhealthmatrix` WRITE;
/*!40000 ALTER TABLE `philhealthmatrix` DISABLE KEYS */;
INSERT INTO `philhealthmatrix` VALUES (1,0.00,10000.00,0.0300,300.00,0.5000),(2,10000.00,59999.99,0.0300,1800.00,0.5000),(3,60000.00,999999.00,0.0300,1800.00,0.5000);
/*!40000 ALTER TABLE `philhealthmatrix` ENABLE KEYS */;
UNLOCK TABLES;

--
-- Table structure for table `position`
--

DROP TABLE IF EXISTS `position`;
/*!40101 SET @saved_cs_client     = @@character_set_client */;
/*!50503 SET character_set_client = utf8mb4 */;
CREATE TABLE `position` (
  `positionID` int NOT NULL AUTO_INCREMENT,
  `positionName` varchar(100) CHARACTER SET utf8mb4 COLLATE utf8mb4_general_ci NOT NULL,
  PRIMARY KEY (`positionID`),
  UNIQUE KEY `positionName` (`positionName`)
) ENGINE=InnoDB AUTO_INCREMENT=19 DEFAULT CHARSET=utf8mb4 COLLATE=utf8mb4_general_ci;
/*!40101 SET character_set_client = @saved_cs_client */;

--
-- Dumping data for table `position`
--

LOCK TABLES `position` WRITE;
/*!40000 ALTER TABLE `position` DISABLE KEYS */;
INSERT INTO `position` VALUES (13,'Account Manager'),(15,'Account Rank and File'),(14,'Account Team Leader'),(9,'Accounting Head'),(1,'Chief Executive Officer'),(3,'Chief Finance Officer'),(4,'Chief Marketing Officer'),(2,'Chief Operating Officer'),(18,'Customer Service and Relations'),(6,'HR Manager'),(8,'HR Rank and File'),(7,'HR Team Leader'),(5,'IT Operations and Systems'),(10,'Payroll Manager'),(12,'Payroll Rank and File'),(11,'Payroll Team Leader'),(16,'Sales & Marketing'),(17,'Supply Chain and Logistics');
/*!40000 ALTER TABLE `position` ENABLE KEYS */;
UNLOCK TABLES;

--
-- Table structure for table `roles`
--

DROP TABLE IF EXISTS `roles`;
/*!40101 SET @saved_cs_client     = @@character_set_client */;
/*!50503 SET character_set_client = utf8mb4 */;
CREATE TABLE `roles` (
  `roleID` int NOT NULL AUTO_INCREMENT,
  `roleName` varchar(40) CHARACTER SET utf8mb4 COLLATE utf8mb4_general_ci NOT NULL,
  PRIMARY KEY (`roleID`),
  UNIQUE KEY `roleName` (`roleName`)
) ENGINE=InnoDB AUTO_INCREMENT=5 DEFAULT CHARSET=utf8mb4 COLLATE=utf8mb4_general_ci;
/*!40101 SET character_set_client = @saved_cs_client */;

--
-- Dumping data for table `roles`
--

LOCK TABLES `roles` WRITE;
/*!40000 ALTER TABLE `roles` DISABLE KEYS */;
INSERT INTO `roles` VALUES (1,'Employee'),(3,'Finance'),(2,'HR'),(4,'IT');
/*!40000 ALTER TABLE `roles` ENABLE KEYS */;
UNLOCK TABLES;

--
-- Table structure for table `salary`
--

DROP TABLE IF EXISTS `salary`;
/*!40101 SET @saved_cs_client     = @@character_set_client */;
/*!50503 SET character_set_client = utf8mb4 */;
CREATE TABLE `salary` (
  `salaryID` int NOT NULL AUTO_INCREMENT,
  `employeeID` int NOT NULL,
  `basicSalary` decimal(10,2) NOT NULL,
  `grossSemiMonthlyRate` decimal(10,2) NOT NULL,
  `hourlyRate` decimal(10,2) NOT NULL,
  PRIMARY KEY (`salaryID`),
  KEY `fk_salary_employee` (`employeeID`),
  CONSTRAINT `fk_salary_employee` FOREIGN KEY (`employeeID`) REFERENCES `employees` (`employeeID`) ON DELETE CASCADE ON UPDATE CASCADE
) ENGINE=InnoDB AUTO_INCREMENT=91 DEFAULT CHARSET=utf8mb4 COLLATE=utf8mb4_general_ci;
/*!40101 SET character_set_client = @saved_cs_client */;

--
-- Dumping data for table `salary`
--

LOCK TABLES `salary` WRITE;
/*!40000 ALTER TABLE `salary` DISABLE KEYS */;
INSERT INTO `salary` VALUES (1,10001,90000.02,45000.01,535.71),(2,10002,60000.00,30000.00,357.14),(3,10003,60000.00,30000.00,357.14),(4,10004,60000.00,30000.00,357.14),(5,10005,52670.00,26335.00,313.51),(6,10006,52670.00,26335.00,313.51),(7,10007,42975.00,21488.00,255.80),(8,10008,22500.00,11250.00,133.93),(9,10009,22500.00,11250.00,133.93),(10,10010,52670.00,26335.00,313.51),(11,10011,50825.00,25413.00,302.53),(12,10012,38475.00,19238.00,229.02),(13,10013,24000.00,12000.00,142.86),(14,10014,24000.00,12000.00,142.86),(15,10015,53500.00,26750.00,318.45),(16,10016,42975.00,21488.00,255.80),(17,10017,41850.00,20925.00,249.11),(18,10018,22500.00,11250.00,133.93),(19,10019,22500.00,11250.00,133.93),(20,10020,23250.00,11625.00,138.39),(21,10021,23250.00,11625.00,138.39),(22,10022,24000.00,12000.00,142.86),(23,10023,22500.00,11250.00,133.93),(24,10024,22500.00,11250.00,133.93),(25,10025,24000.00,12000.00,142.86),(26,10026,24750.00,12375.00,147.32),(27,10027,24750.00,12375.00,147.32),(28,10028,24000.00,12000.00,142.86),(29,10029,22500.00,11250.00,133.93),(30,10030,22500.00,11250.00,133.93),(31,10031,22500.00,11250.00,133.93),(32,10032,52670.00,26335.00,313.51),(33,10033,52670.00,26335.00,313.51),(34,10034,55670.02,27835.01,331.37),(88,10065,123.00,123.00,123.00),(90,10067,123.00,123.00,123.00);
/*!40000 ALTER TABLE `salary` ENABLE KEYS */;
UNLOCK TABLES;

--
-- Table structure for table `sssmatrix`
--

DROP TABLE IF EXISTS `sssmatrix`;
/*!40101 SET @saved_cs_client     = @@character_set_client */;
/*!50503 SET character_set_client = utf8mb4 */;
CREATE TABLE `sssmatrix` (
  `sssMatrixID` int NOT NULL AUTO_INCREMENT,
  `minSalary` decimal(10,2) NOT NULL,
  `maxSalary` decimal(10,2) NOT NULL,
  `contribution` decimal(10,2) DEFAULT NULL,
  PRIMARY KEY (`sssMatrixID`)
) ENGINE=InnoDB AUTO_INCREMENT=46 DEFAULT CHARSET=utf8mb4 COLLATE=utf8mb4_general_ci;
/*!40101 SET character_set_client = @saved_cs_client */;

--
-- Dumping data for table `sssmatrix`
--

LOCK TABLES `sssmatrix` WRITE;
/*!40000 ALTER TABLE `sssmatrix` DISABLE KEYS */;
INSERT INTO `sssmatrix` VALUES (1,0.00,3250.00,135.00),(2,3250.00,3750.00,157.50),(3,3750.00,4250.00,180.00),(4,4250.00,4750.00,202.50),(5,4750.00,5250.00,225.00),(6,5250.00,5750.00,247.50),(7,5750.00,6250.00,270.00),(8,6250.00,6750.00,292.50),(9,6750.00,7250.00,315.00),(10,7250.00,7750.00,337.50),(11,7750.00,8250.00,360.00),(12,8250.00,8750.00,382.50),(13,8750.00,9250.00,405.00),(14,9250.00,9750.00,427.50),(15,9750.00,10250.00,450.00),(16,10250.00,10750.00,472.50),(17,10750.00,11250.00,495.00),(18,11250.00,11750.00,517.50),(19,11750.00,12250.00,540.00),(20,12250.00,12750.00,562.50),(21,12750.00,13250.00,585.00),(22,13250.00,13750.00,607.50),(23,13750.00,14250.00,630.00),(24,14250.00,14750.00,652.50),(25,14750.00,15250.00,675.00),(26,15250.00,15750.00,697.50),(27,15750.00,16250.00,720.00),(28,16250.00,16750.00,742.50),(29,16750.00,17250.00,765.00),(30,17250.00,17750.00,787.50),(31,17750.00,18250.00,810.00),(32,18250.00,18750.00,832.50),(33,18750.00,19250.00,855.00),(34,19250.00,19750.00,877.50),(35,19750.00,20250.00,900.00),(36,20250.00,20750.00,922.50),(37,20750.00,21250.00,945.00),(38,21250.00,21750.00,967.50),(39,21750.00,22250.00,990.00),(40,22250.00,22750.00,1012.50),(41,22750.00,23250.00,1035.00),(42,23250.00,23750.00,1057.50),(43,23750.00,24250.00,1080.00),(44,24250.00,24750.00,1102.50),(45,24750.00,999999.00,1125.00);
/*!40000 ALTER TABLE `sssmatrix` ENABLE KEYS */;
UNLOCK TABLES;

--
-- Table structure for table `status`
--

DROP TABLE IF EXISTS `status`;
/*!40101 SET @saved_cs_client     = @@character_set_client */;
/*!50503 SET character_set_client = utf8mb4 */;
CREATE TABLE `status` (
  `statusID` int NOT NULL AUTO_INCREMENT,
  `statusName` varchar(50) CHARACTER SET utf8mb4 COLLATE utf8mb4_general_ci NOT NULL,
  PRIMARY KEY (`statusID`),
  UNIQUE KEY `statusName` (`statusName`)
) ENGINE=InnoDB AUTO_INCREMENT=3 DEFAULT CHARSET=utf8mb4 COLLATE=utf8mb4_general_ci;
/*!40101 SET character_set_client = @saved_cs_client */;

--
-- Dumping data for table `status`
--

LOCK TABLES `status` WRITE;
/*!40000 ALTER TABLE `status` DISABLE KEYS */;
INSERT INTO `status` VALUES (2,'Probationary'),(1,'Regular');
/*!40000 ALTER TABLE `status` ENABLE KEYS */;
UNLOCK TABLES;

--
-- Table structure for table `taxmatrix`
--

DROP TABLE IF EXISTS `taxmatrix`;
/*!40101 SET @saved_cs_client     = @@character_set_client */;
/*!50503 SET character_set_client = utf8mb4 */;
CREATE TABLE `taxmatrix` (
  `taxMatrixID` int NOT NULL AUTO_INCREMENT,
  `minSalary` decimal(10,2) NOT NULL,
  `maxSalary` decimal(10,2) NOT NULL,
  `baseTax` decimal(10,2) NOT NULL,
  `excessRate` decimal(5,4) NOT NULL,
  `excessBase` decimal(10,2) NOT NULL,
  PRIMARY KEY (`taxMatrixID`)
) ENGINE=InnoDB AUTO_INCREMENT=7 DEFAULT CHARSET=utf8mb4 COLLATE=utf8mb4_general_ci;
/*!40101 SET character_set_client = @saved_cs_client */;

--
-- Dumping data for table `taxmatrix`
--

LOCK TABLES `taxmatrix` WRITE;
/*!40000 ALTER TABLE `taxmatrix` DISABLE KEYS */;
INSERT INTO `taxmatrix` VALUES (1,0.00,20832.00,0.00,0.0000,0.00),(2,20833.00,33332.99,0.00,0.2000,20833.00),(3,33333.00,66666.99,2500.00,0.2500,33333.00),(4,66667.00,166666.99,10833.00,0.3000,66667.00),(5,166667.00,666666.99,40833.33,0.3200,166667.00),(6,666667.00,999999.00,200833.33,0.3500,666667.00);
/*!40000 ALTER TABLE `taxmatrix` ENABLE KEYS */;
UNLOCK TABLES;

--
-- Dumping routines for database 'mtrphdb'
--
/*!50003 DROP PROCEDURE IF EXISTS `allowanceInsert` */;
/*!50003 SET @saved_cs_client      = @@character_set_client */ ;
/*!50003 SET @saved_cs_results     = @@character_set_results */ ;
/*!50003 SET @saved_col_connection = @@collation_connection */ ;
/*!50003 SET character_set_client  = utf8mb4 */ ;
/*!50003 SET character_set_results = utf8mb4 */ ;
/*!50003 SET collation_connection  = utf8mb4_0900_ai_ci */ ;
/*!50003 SET @saved_sql_mode       = @@sql_mode */ ;
/*!50003 SET sql_mode              = 'ONLY_FULL_GROUP_BY,STRICT_TRANS_TABLES,NO_ZERO_IN_DATE,NO_ZERO_DATE,ERROR_FOR_DIVISION_BY_ZERO,NO_ENGINE_SUBSTITUTION' */ ;
DELIMITER ;;
CREATE DEFINER=`root`@`localhost` PROCEDURE `allowanceInsert`(
IN first_in_employeeID int,
IN first_in_allowanceTypeID int,
IN first_in_amount decimal(10,2),

IN second_in_employeeID int,
IN second_in_allowanceTypeID int,
IN second_in_amount decimal(10,2),

IN third_in_employeeID int,
IN third_in_allowanceTypeID int,
IN third_in_amount decimal(10,2))
BEGIN
INSERT INTO allowance (employeeID, allowanceTypeID, amount) VALUES 
(first_in_employeeID, first_in_allowanceTypeID, first_in_amount),
(second_in_employeeID, second_in_allowanceTypeID, second_in_amount),
(third_in_employeeID, third_in_allowanceTypeID, third_in_amount);

 
END ;;
DELIMITER ;
/*!50003 SET sql_mode              = @saved_sql_mode */ ;
/*!50003 SET character_set_client  = @saved_cs_client */ ;
/*!50003 SET character_set_results = @saved_cs_results */ ;
/*!50003 SET collation_connection  = @saved_col_connection */ ;
/*!50003 DROP PROCEDURE IF EXISTS `allowanceUpdate` */;
/*!50003 SET @saved_cs_client      = @@character_set_client */ ;
/*!50003 SET @saved_cs_results     = @@character_set_results */ ;
/*!50003 SET @saved_col_connection = @@collation_connection */ ;
/*!50003 SET character_set_client  = utf8mb4 */ ;
/*!50003 SET character_set_results = utf8mb4 */ ;
/*!50003 SET collation_connection  = utf8mb4_0900_ai_ci */ ;
/*!50003 SET @saved_sql_mode       = @@sql_mode */ ;
/*!50003 SET sql_mode              = 'ONLY_FULL_GROUP_BY,STRICT_TRANS_TABLES,NO_ZERO_IN_DATE,NO_ZERO_DATE,ERROR_FOR_DIVISION_BY_ZERO,NO_ENGINE_SUBSTITUTION' */ ;
DELIMITER ;;
CREATE DEFINER=`root`@`localhost` PROCEDURE `allowanceUpdate`(
IN in_amount decimal(10,2),
IN in_employeeID int,
IN in_allowanceTypeID int)
BEGIN
UPDATE allowance SET 
amount = in_amount 
WHERE employeeID = in_employeeID AND allowanceTypeID = in_allowanceTypeID;


END ;;
DELIMITER ;
/*!50003 SET sql_mode              = @saved_sql_mode */ ;
/*!50003 SET character_set_client  = @saved_cs_client */ ;
/*!50003 SET character_set_results = @saved_cs_results */ ;
/*!50003 SET collation_connection  = @saved_col_connection */ ;
/*!50003 DROP PROCEDURE IF EXISTS `attendanceGetAll` */;
/*!50003 SET @saved_cs_client      = @@character_set_client */ ;
/*!50003 SET @saved_cs_results     = @@character_set_results */ ;
/*!50003 SET @saved_col_connection = @@collation_connection */ ;
/*!50003 SET character_set_client  = utf8mb4 */ ;
/*!50003 SET character_set_results = utf8mb4 */ ;
/*!50003 SET collation_connection  = utf8mb4_0900_ai_ci */ ;
/*!50003 SET @saved_sql_mode       = @@sql_mode */ ;
/*!50003 SET sql_mode              = 'ONLY_FULL_GROUP_BY,STRICT_TRANS_TABLES,NO_ZERO_IN_DATE,NO_ZERO_DATE,ERROR_FOR_DIVISION_BY_ZERO,NO_ENGINE_SUBSTITUTION' */ ;
DELIMITER ;;
CREATE DEFINER=`root`@`localhost` PROCEDURE `attendanceGetAll`()
BEGIN
SELECT * FROM attendance;

END ;;
DELIMITER ;
/*!50003 SET sql_mode              = @saved_sql_mode */ ;
/*!50003 SET character_set_client  = @saved_cs_client */ ;
/*!50003 SET character_set_results = @saved_cs_results */ ;
/*!50003 SET collation_connection  = @saved_col_connection */ ;
/*!50003 DROP PROCEDURE IF EXISTS `attendanceGetByCustomRange` */;
/*!50003 SET @saved_cs_client      = @@character_set_client */ ;
/*!50003 SET @saved_cs_results     = @@character_set_results */ ;
/*!50003 SET @saved_col_connection = @@collation_connection */ ;
/*!50003 SET character_set_client  = utf8mb4 */ ;
/*!50003 SET character_set_results = utf8mb4 */ ;
/*!50003 SET collation_connection  = utf8mb4_0900_ai_ci */ ;
/*!50003 SET @saved_sql_mode       = @@sql_mode */ ;
/*!50003 SET sql_mode              = 'ONLY_FULL_GROUP_BY,STRICT_TRANS_TABLES,NO_ZERO_IN_DATE,NO_ZERO_DATE,ERROR_FOR_DIVISION_BY_ZERO,NO_ENGINE_SUBSTITUTION' */ ;
DELIMITER ;;
CREATE DEFINER=`root`@`localhost` PROCEDURE `attendanceGetByCustomRange`(
IN in_employeeID int,
IN in_start date,
IN in_end date)
BEGIN
SELECT employeeID, `date`, timeIn, timeOut FROM attendance
WHERE employeeID = in_employeeID AND `date` BETWEEN in_start AND in_end;

END ;;
DELIMITER ;
/*!50003 SET sql_mode              = @saved_sql_mode */ ;
/*!50003 SET character_set_client  = @saved_cs_client */ ;
/*!50003 SET character_set_results = @saved_cs_results */ ;
/*!50003 SET collation_connection  = @saved_col_connection */ ;
/*!50003 DROP PROCEDURE IF EXISTS `attendanceGetByIdAndMonth` */;
/*!50003 SET @saved_cs_client      = @@character_set_client */ ;
/*!50003 SET @saved_cs_results     = @@character_set_results */ ;
/*!50003 SET @saved_col_connection = @@collation_connection */ ;
/*!50003 SET character_set_client  = utf8mb4 */ ;
/*!50003 SET character_set_results = utf8mb4 */ ;
/*!50003 SET collation_connection  = utf8mb4_0900_ai_ci */ ;
/*!50003 SET @saved_sql_mode       = @@sql_mode */ ;
/*!50003 SET sql_mode              = 'ONLY_FULL_GROUP_BY,STRICT_TRANS_TABLES,NO_ZERO_IN_DATE,NO_ZERO_DATE,ERROR_FOR_DIVISION_BY_ZERO,NO_ENGINE_SUBSTITUTION' */ ;
DELIMITER ;;
CREATE DEFINER=`root`@`localhost` PROCEDURE `attendanceGetByIdAndMonth`(
IN in_employeeID int,
IN in_year int,
IN in_month int)
BEGIN
SELECT employeeID, `date`, timeIn, timeOut FROM attendance
WHERE employeeID = in_employeeID AND YEAR(`date`) = in_year AND MONTH(`date`) = in_month;

END ;;
DELIMITER ;
/*!50003 SET sql_mode              = @saved_sql_mode */ ;
/*!50003 SET character_set_client  = @saved_cs_client */ ;
/*!50003 SET character_set_results = @saved_cs_results */ ;
/*!50003 SET collation_connection  = @saved_col_connection */ ;
/*!50003 DROP PROCEDURE IF EXISTS `attendanceHasUnclosedEntry` */;
/*!50003 SET @saved_cs_client      = @@character_set_client */ ;
/*!50003 SET @saved_cs_results     = @@character_set_results */ ;
/*!50003 SET @saved_col_connection = @@collation_connection */ ;
/*!50003 SET character_set_client  = utf8mb4 */ ;
/*!50003 SET character_set_results = utf8mb4 */ ;
/*!50003 SET collation_connection  = utf8mb4_0900_ai_ci */ ;
/*!50003 SET @saved_sql_mode       = @@sql_mode */ ;
/*!50003 SET sql_mode              = 'ONLY_FULL_GROUP_BY,STRICT_TRANS_TABLES,NO_ZERO_IN_DATE,NO_ZERO_DATE,ERROR_FOR_DIVISION_BY_ZERO,NO_ENGINE_SUBSTITUTION' */ ;
DELIMITER ;;
CREATE DEFINER=`root`@`localhost` PROCEDURE `attendanceHasUnclosedEntry`(
IN in_employeeID int,
IN in_date date)
BEGIN
SELECT 1 FROM attendance WHERE employeeID = in_employeeID AND `date` = in_date AND timeOut IS NULL;

END ;;
DELIMITER ;
/*!50003 SET sql_mode              = @saved_sql_mode */ ;
/*!50003 SET character_set_client  = @saved_cs_client */ ;
/*!50003 SET character_set_results = @saved_cs_results */ ;
/*!50003 SET collation_connection  = @saved_col_connection */ ;
/*!50003 DROP PROCEDURE IF EXISTS `attendanceInsertLeaveAttendance` */;
/*!50003 SET @saved_cs_client      = @@character_set_client */ ;
/*!50003 SET @saved_cs_results     = @@character_set_results */ ;
/*!50003 SET @saved_col_connection = @@collation_connection */ ;
/*!50003 SET character_set_client  = utf8mb4 */ ;
/*!50003 SET character_set_results = utf8mb4 */ ;
/*!50003 SET collation_connection  = utf8mb4_0900_ai_ci */ ;
/*!50003 SET @saved_sql_mode       = @@sql_mode */ ;
/*!50003 SET sql_mode              = 'ONLY_FULL_GROUP_BY,STRICT_TRANS_TABLES,NO_ZERO_IN_DATE,NO_ZERO_DATE,ERROR_FOR_DIVISION_BY_ZERO,NO_ENGINE_SUBSTITUTION' */ ;
DELIMITER ;;
CREATE DEFINER=`root`@`localhost` PROCEDURE `attendanceInsertLeaveAttendance`(
IN in_employeeID int,
IN in_date date,
IN in_timeIn time,
IN in_timeOut time)
BEGIN
	INSERT INTO attendance (employeeID, date, timeIn, timeOut)
    VALUES
    (in_employeeID, in_date, in_timeIn, in_timeOut);
    
    
END ;;
DELIMITER ;
/*!50003 SET sql_mode              = @saved_sql_mode */ ;
/*!50003 SET character_set_client  = @saved_cs_client */ ;
/*!50003 SET character_set_results = @saved_cs_results */ ;
/*!50003 SET collation_connection  = @saved_col_connection */ ;
/*!50003 DROP PROCEDURE IF EXISTS `attendanceSaveTimeIn` */;
/*!50003 SET @saved_cs_client      = @@character_set_client */ ;
/*!50003 SET @saved_cs_results     = @@character_set_results */ ;
/*!50003 SET @saved_col_connection = @@collation_connection */ ;
/*!50003 SET character_set_client  = utf8mb4 */ ;
/*!50003 SET character_set_results = utf8mb4 */ ;
/*!50003 SET collation_connection  = utf8mb4_0900_ai_ci */ ;
/*!50003 SET @saved_sql_mode       = @@sql_mode */ ;
/*!50003 SET sql_mode              = 'ONLY_FULL_GROUP_BY,STRICT_TRANS_TABLES,NO_ZERO_IN_DATE,NO_ZERO_DATE,ERROR_FOR_DIVISION_BY_ZERO,NO_ENGINE_SUBSTITUTION' */ ;
DELIMITER ;;
CREATE DEFINER=`root`@`localhost` PROCEDURE `attendanceSaveTimeIn`(
IN in_employeeID int,
IN in_date date,
IN in_timeIn time)
BEGIN
INSERT INTO attendance (employeeID, `date`, timeIn) VALUES 
(in_employeeID, in_date, in_timeIn);

END ;;
DELIMITER ;
/*!50003 SET sql_mode              = @saved_sql_mode */ ;
/*!50003 SET character_set_client  = @saved_cs_client */ ;
/*!50003 SET character_set_results = @saved_cs_results */ ;
/*!50003 SET collation_connection  = @saved_col_connection */ ;
/*!50003 DROP PROCEDURE IF EXISTS `attendanceSaveTimeOut` */;
/*!50003 SET @saved_cs_client      = @@character_set_client */ ;
/*!50003 SET @saved_cs_results     = @@character_set_results */ ;
/*!50003 SET @saved_col_connection = @@collation_connection */ ;
/*!50003 SET character_set_client  = utf8mb4 */ ;
/*!50003 SET character_set_results = utf8mb4 */ ;
/*!50003 SET collation_connection  = utf8mb4_0900_ai_ci */ ;
/*!50003 SET @saved_sql_mode       = @@sql_mode */ ;
/*!50003 SET sql_mode              = 'ONLY_FULL_GROUP_BY,STRICT_TRANS_TABLES,NO_ZERO_IN_DATE,NO_ZERO_DATE,ERROR_FOR_DIVISION_BY_ZERO,NO_ENGINE_SUBSTITUTION' */ ;
DELIMITER ;;
CREATE DEFINER=`root`@`localhost` PROCEDURE `attendanceSaveTimeOut`(
IN in_timeOut time,
IN in_employeeID int,
In in_date date)
BEGIN
UPDATE attendance SET timeOut = in_timeOut WHERE employeeID = in_employeeID AND `date` = in_date AND timeOut IS NULL;

END ;;
DELIMITER ;
/*!50003 SET sql_mode              = @saved_sql_mode */ ;
/*!50003 SET character_set_client  = @saved_cs_client */ ;
/*!50003 SET character_set_results = @saved_cs_results */ ;
/*!50003 SET collation_connection  = @saved_col_connection */ ;
/*!50003 DROP PROCEDURE IF EXISTS `credentialsCheckEmployeePassword` */;
/*!50003 SET @saved_cs_client      = @@character_set_client */ ;
/*!50003 SET @saved_cs_results     = @@character_set_results */ ;
/*!50003 SET @saved_col_connection = @@collation_connection */ ;
/*!50003 SET character_set_client  = utf8mb4 */ ;
/*!50003 SET character_set_results = utf8mb4 */ ;
/*!50003 SET collation_connection  = utf8mb4_0900_ai_ci */ ;
/*!50003 SET @saved_sql_mode       = @@sql_mode */ ;
/*!50003 SET sql_mode              = 'ONLY_FULL_GROUP_BY,STRICT_TRANS_TABLES,NO_ZERO_IN_DATE,NO_ZERO_DATE,ERROR_FOR_DIVISION_BY_ZERO,NO_ENGINE_SUBSTITUTION' */ ;
DELIMITER ;;
CREATE DEFINER=`root`@`localhost` PROCEDURE `credentialsCheckEmployeePassword`(
IN in_employeeID int,
IN in_password VARCHAR(255))
BEGIN
SELECT 1 FROM credentials WHERE employeeID = in_employeeID AND password = in_password;
END ;;
DELIMITER ;
/*!50003 SET sql_mode              = @saved_sql_mode */ ;
/*!50003 SET character_set_client  = @saved_cs_client */ ;
/*!50003 SET character_set_results = @saved_cs_results */ ;
/*!50003 SET collation_connection  = @saved_col_connection */ ;
/*!50003 DROP PROCEDURE IF EXISTS `credentialsGetTotpSecret` */;
/*!50003 SET @saved_cs_client      = @@character_set_client */ ;
/*!50003 SET @saved_cs_results     = @@character_set_results */ ;
/*!50003 SET @saved_col_connection = @@collation_connection */ ;
/*!50003 SET character_set_client  = utf8mb4 */ ;
/*!50003 SET character_set_results = utf8mb4 */ ;
/*!50003 SET collation_connection  = utf8mb4_0900_ai_ci */ ;
/*!50003 SET @saved_sql_mode       = @@sql_mode */ ;
/*!50003 SET sql_mode              = 'ONLY_FULL_GROUP_BY,STRICT_TRANS_TABLES,NO_ZERO_IN_DATE,NO_ZERO_DATE,ERROR_FOR_DIVISION_BY_ZERO,NO_ENGINE_SUBSTITUTION' */ ;
DELIMITER ;;
CREATE DEFINER=`root`@`localhost` PROCEDURE `credentialsGetTotpSecret`(IN in_employeeID int)
BEGIN 
SELECT totpSecret FROM credentials WHERE employeeID = in_employeeID;
END ;;
DELIMITER ;
/*!50003 SET sql_mode              = @saved_sql_mode */ ;
/*!50003 SET character_set_client  = @saved_cs_client */ ;
/*!50003 SET character_set_results = @saved_cs_results */ ;
/*!50003 SET collation_connection  = @saved_col_connection */ ;
/*!50003 DROP PROCEDURE IF EXISTS `credentialsGetUserID` */;
/*!50003 SET @saved_cs_client      = @@character_set_client */ ;
/*!50003 SET @saved_cs_results     = @@character_set_results */ ;
/*!50003 SET @saved_col_connection = @@collation_connection */ ;
/*!50003 SET character_set_client  = utf8mb4 */ ;
/*!50003 SET character_set_results = utf8mb4 */ ;
/*!50003 SET collation_connection  = utf8mb4_0900_ai_ci */ ;
/*!50003 SET @saved_sql_mode       = @@sql_mode */ ;
/*!50003 SET sql_mode              = 'ONLY_FULL_GROUP_BY,STRICT_TRANS_TABLES,NO_ZERO_IN_DATE,NO_ZERO_DATE,ERROR_FOR_DIVISION_BY_ZERO,NO_ENGINE_SUBSTITUTION' */ ;
DELIMITER ;;
CREATE DEFINER=`root`@`localhost` PROCEDURE `credentialsGetUserID`(
IN in_username varchar(50),
IN in_password varchar(255))
BEGIN
SELECT employeeID FROM credentials WHERE BINARY username = in_username AND password = in_password;

END ;;
DELIMITER ;
/*!50003 SET sql_mode              = @saved_sql_mode */ ;
/*!50003 SET character_set_client  = @saved_cs_client */ ;
/*!50003 SET character_set_results = @saved_cs_results */ ;
/*!50003 SET collation_connection  = @saved_col_connection */ ;
/*!50003 DROP PROCEDURE IF EXISTS `credentialsHas2FAEnabled` */;
/*!50003 SET @saved_cs_client      = @@character_set_client */ ;
/*!50003 SET @saved_cs_results     = @@character_set_results */ ;
/*!50003 SET @saved_col_connection = @@collation_connection */ ;
/*!50003 SET character_set_client  = utf8mb4 */ ;
/*!50003 SET character_set_results = utf8mb4 */ ;
/*!50003 SET collation_connection  = utf8mb4_0900_ai_ci */ ;
/*!50003 SET @saved_sql_mode       = @@sql_mode */ ;
/*!50003 SET sql_mode              = 'ONLY_FULL_GROUP_BY,STRICT_TRANS_TABLES,NO_ZERO_IN_DATE,NO_ZERO_DATE,ERROR_FOR_DIVISION_BY_ZERO,NO_ENGINE_SUBSTITUTION' */ ;
DELIMITER ;;
CREATE DEFINER=`root`@`localhost` PROCEDURE `credentialsHas2FAEnabled`(IN in_employeeID int)
BEGIN
SELECT 1 FROM credentials WHERE employeeID = in_employeeID AND totpSecret IS NOT NULL;
END ;;
DELIMITER ;
/*!50003 SET sql_mode              = @saved_sql_mode */ ;
/*!50003 SET character_set_client  = @saved_cs_client */ ;
/*!50003 SET character_set_results = @saved_cs_results */ ;
/*!50003 SET collation_connection  = @saved_col_connection */ ;
/*!50003 DROP PROCEDURE IF EXISTS `credentialsUpdatePassword` */;
/*!50003 SET @saved_cs_client      = @@character_set_client */ ;
/*!50003 SET @saved_cs_results     = @@character_set_results */ ;
/*!50003 SET @saved_col_connection = @@collation_connection */ ;
/*!50003 SET character_set_client  = utf8mb4 */ ;
/*!50003 SET character_set_results = utf8mb4 */ ;
/*!50003 SET collation_connection  = utf8mb4_0900_ai_ci */ ;
/*!50003 SET @saved_sql_mode       = @@sql_mode */ ;
/*!50003 SET sql_mode              = 'ONLY_FULL_GROUP_BY,STRICT_TRANS_TABLES,NO_ZERO_IN_DATE,NO_ZERO_DATE,ERROR_FOR_DIVISION_BY_ZERO,NO_ENGINE_SUBSTITUTION' */ ;
DELIMITER ;;
CREATE DEFINER=`root`@`localhost` PROCEDURE `credentialsUpdatePassword`(
IN in_employeeID int,
IN in_newPassword varchar(255))
BEGIN
UPDATE credentials SET password = in_newPassword WHERE employeeID = in_employeeID;
END ;;
DELIMITER ;
/*!50003 SET sql_mode              = @saved_sql_mode */ ;
/*!50003 SET character_set_client  = @saved_cs_client */ ;
/*!50003 SET character_set_results = @saved_cs_results */ ;
/*!50003 SET collation_connection  = @saved_col_connection */ ;
/*!50003 DROP PROCEDURE IF EXISTS `credentialsUpdateTotpSecret` */;
/*!50003 SET @saved_cs_client      = @@character_set_client */ ;
/*!50003 SET @saved_cs_results     = @@character_set_results */ ;
/*!50003 SET @saved_col_connection = @@collation_connection */ ;
/*!50003 SET character_set_client  = utf8mb4 */ ;
/*!50003 SET character_set_results = utf8mb4 */ ;
/*!50003 SET collation_connection  = utf8mb4_0900_ai_ci */ ;
/*!50003 SET @saved_sql_mode       = @@sql_mode */ ;
/*!50003 SET sql_mode              = 'ONLY_FULL_GROUP_BY,STRICT_TRANS_TABLES,NO_ZERO_IN_DATE,NO_ZERO_DATE,ERROR_FOR_DIVISION_BY_ZERO,NO_ENGINE_SUBSTITUTION' */ ;
DELIMITER ;;
CREATE DEFINER=`root`@`localhost` PROCEDURE `credentialsUpdateTotpSecret`(
IN in_employeeID int,
IN in_secret VARCHAR(70))
BEGIN 
UPDATE credentials SET totpSecret = in_secret WHERE employeeID = in_employeeID; 
END ;;
DELIMITER ;
/*!50003 SET sql_mode              = @saved_sql_mode */ ;
/*!50003 SET character_set_client  = @saved_cs_client */ ;
/*!50003 SET character_set_results = @saved_cs_results */ ;
/*!50003 SET collation_connection  = @saved_col_connection */ ;
/*!50003 DROP PROCEDURE IF EXISTS `employeesDelete` */;
/*!50003 SET @saved_cs_client      = @@character_set_client */ ;
/*!50003 SET @saved_cs_results     = @@character_set_results */ ;
/*!50003 SET @saved_col_connection = @@collation_connection */ ;
/*!50003 SET character_set_client  = utf8mb4 */ ;
/*!50003 SET character_set_results = utf8mb4 */ ;
/*!50003 SET collation_connection  = utf8mb4_0900_ai_ci */ ;
/*!50003 SET @saved_sql_mode       = @@sql_mode */ ;
/*!50003 SET sql_mode              = 'ONLY_FULL_GROUP_BY,STRICT_TRANS_TABLES,NO_ZERO_IN_DATE,NO_ZERO_DATE,ERROR_FOR_DIVISION_BY_ZERO,NO_ENGINE_SUBSTITUTION' */ ;
DELIMITER ;;
CREATE DEFINER=`root`@`localhost` PROCEDURE `employeesDelete`(
IN in_employeeID int)
BEGIN
DELETE FROM employees WHERE employeeID = in_employeeID;


END ;;
DELIMITER ;
/*!50003 SET sql_mode              = @saved_sql_mode */ ;
/*!50003 SET character_set_client  = @saved_cs_client */ ;
/*!50003 SET character_set_results = @saved_cs_results */ ;
/*!50003 SET collation_connection  = @saved_col_connection */ ;
/*!50003 DROP PROCEDURE IF EXISTS `employeesGetAll` */;
/*!50003 SET @saved_cs_client      = @@character_set_client */ ;
/*!50003 SET @saved_cs_results     = @@character_set_results */ ;
/*!50003 SET @saved_col_connection = @@collation_connection */ ;
/*!50003 SET character_set_client  = utf8mb4 */ ;
/*!50003 SET character_set_results = utf8mb4 */ ;
/*!50003 SET collation_connection  = utf8mb4_0900_ai_ci */ ;
/*!50003 SET @saved_sql_mode       = @@sql_mode */ ;
/*!50003 SET sql_mode              = 'ONLY_FULL_GROUP_BY,STRICT_TRANS_TABLES,NO_ZERO_IN_DATE,NO_ZERO_DATE,ERROR_FOR_DIVISION_BY_ZERO,NO_ENGINE_SUBSTITUTION' */ ;
DELIMITER ;;
CREATE DEFINER=`root`@`localhost` PROCEDURE `employeesGetAll`()
BEGIN
SELECT
e.employeeID,
e.firstName,
e.lastName,
p.positionName,
st.statusName,
e.birthday,
e.address,
e.phoneNumber,
g.sssNumber,
g.pagibigNumber,
g.tinNumber,
s.hourlyRate,
g.philhealthNumber,
r.roleName,
e.supervisorID,
s.basicSalary,
s.grossSemiMonthlyRate,
SUM(CASE WHEN alt.allowanceTypeName = 'Rice Subsidy' THEN a.amount ELSE 0 END) AS riceSubsidy,
SUM(CASE WHEN alt.allowanceTypeName = 'Phone' THEN a.amount ELSE 0 END) AS phoneAllowance,
SUM(CASE WHEN alt.allowanceTypeName = 'Clothing' THEN a.amount ELSE 0 END) AS clothingAllowance
FROM employees e 
JOIN position p ON e.positionID = p.positionID 
JOIN status st ON e.statusID = st.statusID 
JOIN governmentNumber g ON e.employeeID = g.employeeID 
JOIN roles r ON e.roleID = r.roleID 
JOIN salary s ON e.employeeID = s.employeeID 
JOIN allowance a ON e.employeeID = a.employeeID 
JOIN allowanceType alt ON a.allowanceTypeID = alt.allowanceTypeID 
GROUP BY 
e.employeeID,
e.firstName,
e.lastName,
p.positionName,
st.statusName,
e.birthday,
e.address,
e.phoneNumber,
g.sssNumber,
g.pagibigNumber,
g.tinNumber,
s.hourlyRate,
g.philhealthNumber,
r.roleName,
e.supervisorID,
s.basicSalary,
s.grossSemiMonthlyRate 
ORDER BY e.employeeID ASC;
 
END ;;
DELIMITER ;
/*!50003 SET sql_mode              = @saved_sql_mode */ ;
/*!50003 SET character_set_client  = @saved_cs_client */ ;
/*!50003 SET character_set_results = @saved_cs_results */ ;
/*!50003 SET collation_connection  = @saved_col_connection */ ;
/*!50003 DROP PROCEDURE IF EXISTS `employeesGetByID` */;
/*!50003 SET @saved_cs_client      = @@character_set_client */ ;
/*!50003 SET @saved_cs_results     = @@character_set_results */ ;
/*!50003 SET @saved_col_connection = @@collation_connection */ ;
/*!50003 SET character_set_client  = utf8mb4 */ ;
/*!50003 SET character_set_results = utf8mb4 */ ;
/*!50003 SET collation_connection  = utf8mb4_0900_ai_ci */ ;
/*!50003 SET @saved_sql_mode       = @@sql_mode */ ;
/*!50003 SET sql_mode              = 'ONLY_FULL_GROUP_BY,STRICT_TRANS_TABLES,NO_ZERO_IN_DATE,NO_ZERO_DATE,ERROR_FOR_DIVISION_BY_ZERO,NO_ENGINE_SUBSTITUTION' */ ;
DELIMITER ;;
CREATE DEFINER=`root`@`localhost` PROCEDURE `employeesGetByID`(IN empID INT)
BEGIN
SELECT
e.employeeID,
e.firstName,
e.lastName,
p.positionName,
st.statusName,
e.birthday,
e.address,
e.phoneNumber,
g.sssNumber,
g.pagibigNumber,
g.tinNumber,
s.hourlyRate,
g.philhealthNumber,
r.roleName,
e.supervisorID,
s.basicSalary,
s.grossSemiMonthlyRate,
SUM(CASE WHEN alt.allowanceTypeName = 'Rice Subsidy' THEN a.amount ELSE 0 END) AS riceSubsidy,
SUM(CASE WHEN alt.allowanceTypeName = 'Phone' THEN a.amount ELSE 0 END) AS phoneAllowance,
SUM(CASE WHEN alt.allowanceTypeName = 'Clothing' THEN a.amount ELSE 0 END) as clothingAllowance
FROM employees e 
JOIN position p ON e.positionID = p.positionID 
JOIN status st ON e.statusID = st.statusID 
JOIN governmentNumber g ON e.employeeID = g.employeeID 
JOIN roles r ON e.roleID = r.roleID 
JOIN salary s ON e.employeeID = s.employeeID 
JOIN allowance a ON e.employeeID = a.employeeID 
JOIN allowanceType alt ON a.allowanceTypeID = alt.allowanceTypeID 
WHERE e.employeeID = empID 
GROUP BY 
e.employeeID,
e.firstName,
e.lastName,
p.positionName,
st.statusName,
e.birthday,
e.address,
e.phoneNumber,
g.sssNumber,
g.pagibigNumber,
g.tinNumber,
s.hourlyRate,
g.philhealthNumber,
r.roleName,
e.supervisorID,
s.basicSalary,
s.grossSemiMonthlyRate;
 
END ;;
DELIMITER ;
/*!50003 SET sql_mode              = @saved_sql_mode */ ;
/*!50003 SET character_set_client  = @saved_cs_client */ ;
/*!50003 SET character_set_results = @saved_cs_results */ ;
/*!50003 SET collation_connection  = @saved_col_connection */ ;
/*!50003 DROP PROCEDURE IF EXISTS `employeesInsert` */;
/*!50003 SET @saved_cs_client      = @@character_set_client */ ;
/*!50003 SET @saved_cs_results     = @@character_set_results */ ;
/*!50003 SET @saved_col_connection = @@collation_connection */ ;
/*!50003 SET character_set_client  = utf8mb4 */ ;
/*!50003 SET character_set_results = utf8mb4 */ ;
/*!50003 SET collation_connection  = utf8mb4_0900_ai_ci */ ;
/*!50003 SET @saved_sql_mode       = @@sql_mode */ ;
/*!50003 SET sql_mode              = 'ONLY_FULL_GROUP_BY,STRICT_TRANS_TABLES,NO_ZERO_IN_DATE,NO_ZERO_DATE,ERROR_FOR_DIVISION_BY_ZERO,NO_ENGINE_SUBSTITUTION' */ ;
DELIMITER ;;
CREATE DEFINER=`root`@`localhost` PROCEDURE `employeesInsert`(
IN in_lastName varchar(50),
IN in_firstName varchar(50),
IN in_birthday date,
IN in_address varchar(255),
IN in_phoneNumber varchar(15),
IN in_statusID int,
IN in_positionID int,
IN in_roleID int,
IN in_supervisorID int,
OUT generatedID int)
BEGIN
INSERT INTO employees (lastName, firstName, birthday, address, phoneNumber, statusID, positionID, roleID, supervisorID) VALUES 
(in_lastName, in_firstName, in_birthday, in_address, in_phoneNumber, in_statusID, in_positionID, in_roleID, in_supervisorID);
SET generatedID = LAST_INSERT_ID();
 
END ;;
DELIMITER ;
/*!50003 SET sql_mode              = @saved_sql_mode */ ;
/*!50003 SET character_set_client  = @saved_cs_client */ ;
/*!50003 SET character_set_results = @saved_cs_results */ ;
/*!50003 SET collation_connection  = @saved_col_connection */ ;
/*!50003 DROP PROCEDURE IF EXISTS `employeesUpdate` */;
/*!50003 SET @saved_cs_client      = @@character_set_client */ ;
/*!50003 SET @saved_cs_results     = @@character_set_results */ ;
/*!50003 SET @saved_col_connection = @@collation_connection */ ;
/*!50003 SET character_set_client  = utf8mb4 */ ;
/*!50003 SET character_set_results = utf8mb4 */ ;
/*!50003 SET collation_connection  = utf8mb4_0900_ai_ci */ ;
/*!50003 SET @saved_sql_mode       = @@sql_mode */ ;
/*!50003 SET sql_mode              = 'ONLY_FULL_GROUP_BY,STRICT_TRANS_TABLES,NO_ZERO_IN_DATE,NO_ZERO_DATE,ERROR_FOR_DIVISION_BY_ZERO,NO_ENGINE_SUBSTITUTION' */ ;
DELIMITER ;;
CREATE DEFINER=`root`@`localhost` PROCEDURE `employeesUpdate`(
IN in_lastName varchar(50),
IN in_firstName varchar(50),
IN in_birthday date,
IN in_address varchar(255),
IN in_phoneNumber varchar(20),
IN in_statusID int,
IN in_positionID int,
IN in_roleID int,
IN in_supervisorID int,
IN in_employeeID int)
BEGIN
UPDATE employees SET 
lastName = in_lastName,
firstName = in_firstName,
birthday = in_birthday,
address = in_address,
phoneNumber = in_phoneNumber,
statusID = in_statusID,
positionID = in_positionID,
roleID = in_roleID,
supervisorID = in_supervisorID 
WHERE employeeID = in_employeeID;

END ;;
DELIMITER ;
/*!50003 SET sql_mode              = @saved_sql_mode */ ;
/*!50003 SET character_set_client  = @saved_cs_client */ ;
/*!50003 SET character_set_results = @saved_cs_results */ ;
/*!50003 SET collation_connection  = @saved_col_connection */ ;
/*!50003 DROP PROCEDURE IF EXISTS `GovNumInsert` */;
/*!50003 SET @saved_cs_client      = @@character_set_client */ ;
/*!50003 SET @saved_cs_results     = @@character_set_results */ ;
/*!50003 SET @saved_col_connection = @@collation_connection */ ;
/*!50003 SET character_set_client  = utf8mb4 */ ;
/*!50003 SET character_set_results = utf8mb4 */ ;
/*!50003 SET collation_connection  = utf8mb4_0900_ai_ci */ ;
/*!50003 SET @saved_sql_mode       = @@sql_mode */ ;
/*!50003 SET sql_mode              = 'ONLY_FULL_GROUP_BY,STRICT_TRANS_TABLES,NO_ZERO_IN_DATE,NO_ZERO_DATE,ERROR_FOR_DIVISION_BY_ZERO,NO_ENGINE_SUBSTITUTION' */ ;
DELIMITER ;;
CREATE DEFINER=`root`@`localhost` PROCEDURE `GovNumInsert`(
IN in_employeeID int,
IN in_sssNumber varchar(20),
IN in_philhealthNumber varchar(20),
IN in_pagibigNumber varchar(20),
IN in_tinNumber varchar(20))
BEGIN
INSERT INTO governmentNumber (employeeID, sssNumber, philhealthNumber, pagibigNumber, tinNumber) VALUES 
(in_employeeID, in_sssNumber, in_philhealthNumber, in_pagibigNumber, in_tinNumber);

 
END ;;
DELIMITER ;
/*!50003 SET sql_mode              = @saved_sql_mode */ ;
/*!50003 SET character_set_client  = @saved_cs_client */ ;
/*!50003 SET character_set_results = @saved_cs_results */ ;
/*!50003 SET collation_connection  = @saved_col_connection */ ;
/*!50003 DROP PROCEDURE IF EXISTS `govNumUpdate` */;
/*!50003 SET @saved_cs_client      = @@character_set_client */ ;
/*!50003 SET @saved_cs_results     = @@character_set_results */ ;
/*!50003 SET @saved_col_connection = @@collation_connection */ ;
/*!50003 SET character_set_client  = utf8mb4 */ ;
/*!50003 SET character_set_results = utf8mb4 */ ;
/*!50003 SET collation_connection  = utf8mb4_0900_ai_ci */ ;
/*!50003 SET @saved_sql_mode       = @@sql_mode */ ;
/*!50003 SET sql_mode              = 'ONLY_FULL_GROUP_BY,STRICT_TRANS_TABLES,NO_ZERO_IN_DATE,NO_ZERO_DATE,ERROR_FOR_DIVISION_BY_ZERO,NO_ENGINE_SUBSTITUTION' */ ;
DELIMITER ;;
CREATE DEFINER=`root`@`localhost` PROCEDURE `govNumUpdate`(
IN in_sssNumber varchar(20),
IN in_philhealthNumber varchar(20),
IN in_pagibigNumber varchar(20),
IN in_tinNumber varchar(20),
IN in_employeeID int)
BEGIN
UPDATE governmentNumber SET 
sssNumber = in_sssNumber,
philhealthNumber = in_philhealthNumber,
pagibigNumber = in_pagibigNumber,
tinNumber = in_tinNumber 
WHERE employeeID = in_employeeID;


END ;;
DELIMITER ;
/*!50003 SET sql_mode              = @saved_sql_mode */ ;
/*!50003 SET character_set_client  = @saved_cs_client */ ;
/*!50003 SET character_set_results = @saved_cs_results */ ;
/*!50003 SET collation_connection  = @saved_col_connection */ ;
/*!50003 DROP PROCEDURE IF EXISTS `leavecreditGetAll` */;
/*!50003 SET @saved_cs_client      = @@character_set_client */ ;
/*!50003 SET @saved_cs_results     = @@character_set_results */ ;
/*!50003 SET @saved_col_connection = @@collation_connection */ ;
/*!50003 SET character_set_client  = utf8mb4 */ ;
/*!50003 SET character_set_results = utf8mb4 */ ;
/*!50003 SET collation_connection  = utf8mb4_0900_ai_ci */ ;
/*!50003 SET @saved_sql_mode       = @@sql_mode */ ;
/*!50003 SET sql_mode              = 'ONLY_FULL_GROUP_BY,STRICT_TRANS_TABLES,NO_ZERO_IN_DATE,NO_ZERO_DATE,ERROR_FOR_DIVISION_BY_ZERO,NO_ENGINE_SUBSTITUTION' */ ;
DELIMITER ;;
CREATE DEFINER=`root`@`localhost` PROCEDURE `leavecreditGetAll`()
BEGIN
SELECT e.employeeID,
SUM(CASE WHEN lc.leaveTypeID = 1 THEN lc.balance ELSE 0 END) as vacationCredits,
SUM(CASE WHEN lc.leaveTypeID = 2 THEN lc.balance ELSE 0 END) as medicalCredits,
SUM(CASE WHEN lc.leaveTypeID = 3 THEN lc.balance ELSE 0 END) as personalCredits
FROM employees e
LEFT JOIN leavecredit lc ON e.employeeID = lc.employeeID GROUP BY e.employeeID;

END ;;
DELIMITER ;
/*!50003 SET sql_mode              = @saved_sql_mode */ ;
/*!50003 SET character_set_client  = @saved_cs_client */ ;
/*!50003 SET character_set_results = @saved_cs_results */ ;
/*!50003 SET collation_connection  = @saved_col_connection */ ;
/*!50003 DROP PROCEDURE IF EXISTS `leavecreditGetByID` */;
/*!50003 SET @saved_cs_client      = @@character_set_client */ ;
/*!50003 SET @saved_cs_results     = @@character_set_results */ ;
/*!50003 SET @saved_col_connection = @@collation_connection */ ;
/*!50003 SET character_set_client  = utf8mb4 */ ;
/*!50003 SET character_set_results = utf8mb4 */ ;
/*!50003 SET collation_connection  = utf8mb4_0900_ai_ci */ ;
/*!50003 SET @saved_sql_mode       = @@sql_mode */ ;
/*!50003 SET sql_mode              = 'ONLY_FULL_GROUP_BY,STRICT_TRANS_TABLES,NO_ZERO_IN_DATE,NO_ZERO_DATE,ERROR_FOR_DIVISION_BY_ZERO,NO_ENGINE_SUBSTITUTION' */ ;
DELIMITER ;;
CREATE DEFINER=`root`@`localhost` PROCEDURE `leavecreditGetByID`(
IN in_employeeID int)
BEGIN
SELECT e.employeeID,
sum(CASE WHEN lt.leaveTypeName = 'Vacation' THEN lc.balance ELSE 0 END) as vacationCredits,
SUM(CASE WHEN lt.leaveTypeName = 'Medical' THEN lc.balance ELSE 0 END) as medicalCredits,
SUM(CASE WHEN lt.leaveTypeName = 'Personal' THEN lc.balance ELSE 0 END) as personalCredits
FROM employees e
JOIN leavecredit lc ON e.employeeID = lc.employeeID 
JOIN leavetype lt ON lc.leaveTypeID = lt.leaveTypeID 
WHERE e.employeeID = in_employeeID
GROUP BY e.employeeid;

END ;;
DELIMITER ;
/*!50003 SET sql_mode              = @saved_sql_mode */ ;
/*!50003 SET character_set_client  = @saved_cs_client */ ;
/*!50003 SET character_set_results = @saved_cs_results */ ;
/*!50003 SET collation_connection  = @saved_col_connection */ ;
/*!50003 DROP PROCEDURE IF EXISTS `leaveCreditUpdateByID` */;
/*!50003 SET @saved_cs_client      = @@character_set_client */ ;
/*!50003 SET @saved_cs_results     = @@character_set_results */ ;
/*!50003 SET @saved_col_connection = @@collation_connection */ ;
/*!50003 SET character_set_client  = utf8mb4 */ ;
/*!50003 SET character_set_results = utf8mb4 */ ;
/*!50003 SET collation_connection  = utf8mb4_0900_ai_ci */ ;
/*!50003 SET @saved_sql_mode       = @@sql_mode */ ;
/*!50003 SET sql_mode              = 'ONLY_FULL_GROUP_BY,STRICT_TRANS_TABLES,NO_ZERO_IN_DATE,NO_ZERO_DATE,ERROR_FOR_DIVISION_BY_ZERO,NO_ENGINE_SUBSTITUTION' */ ;
DELIMITER ;;
CREATE DEFINER=`root`@`localhost` PROCEDURE `leaveCreditUpdateByID`(
IN in_employeeID int,
IN in_leaveTypeID int,
IN in_newBalance int)
BEGIN
UPDATE leavecredit SET balance = in_newBalance WHERE employeeID = in_employeeID AND leaveTypeID = in_leaveTypeID;

END ;;
DELIMITER ;
/*!50003 SET sql_mode              = @saved_sql_mode */ ;
/*!50003 SET character_set_client  = @saved_cs_client */ ;
/*!50003 SET character_set_results = @saved_cs_results */ ;
/*!50003 SET collation_connection  = @saved_col_connection */ ;
/*!50003 DROP PROCEDURE IF EXISTS `leavesGetAll` */;
/*!50003 SET @saved_cs_client      = @@character_set_client */ ;
/*!50003 SET @saved_cs_results     = @@character_set_results */ ;
/*!50003 SET @saved_col_connection = @@collation_connection */ ;
/*!50003 SET character_set_client  = utf8mb4 */ ;
/*!50003 SET character_set_results = utf8mb4 */ ;
/*!50003 SET collation_connection  = utf8mb4_0900_ai_ci */ ;
/*!50003 SET @saved_sql_mode       = @@sql_mode */ ;
/*!50003 SET sql_mode              = 'ONLY_FULL_GROUP_BY,STRICT_TRANS_TABLES,NO_ZERO_IN_DATE,NO_ZERO_DATE,ERROR_FOR_DIVISION_BY_ZERO,NO_ENGINE_SUBSTITUTION' */ ;
DELIMITER ;;
CREATE DEFINER=`root`@`localhost` PROCEDURE `leavesGetAll`()
BEGIN
SELECT l.leaveID, l.employeeID, lt.leaveTypeName, l.startDate, l.endDate, l.status, l.submittedDate, l.processedDate, l.remarks
FROM leaves l JOIN leaveType lt ON l.leaveTypeID = lt.leaveTypeID ORDER BY l.leaveID DESC;

END ;;
DELIMITER ;
/*!50003 SET sql_mode              = @saved_sql_mode */ ;
/*!50003 SET character_set_client  = @saved_cs_client */ ;
/*!50003 SET character_set_results = @saved_cs_results */ ;
/*!50003 SET collation_connection  = @saved_col_connection */ ;
/*!50003 DROP PROCEDURE IF EXISTS `leavesGetApprovedCount` */;
/*!50003 SET @saved_cs_client      = @@character_set_client */ ;
/*!50003 SET @saved_cs_results     = @@character_set_results */ ;
/*!50003 SET @saved_col_connection = @@collation_connection */ ;
/*!50003 SET character_set_client  = utf8mb4 */ ;
/*!50003 SET character_set_results = utf8mb4 */ ;
/*!50003 SET collation_connection  = utf8mb4_0900_ai_ci */ ;
/*!50003 SET @saved_sql_mode       = @@sql_mode */ ;
/*!50003 SET sql_mode              = 'ONLY_FULL_GROUP_BY,STRICT_TRANS_TABLES,NO_ZERO_IN_DATE,NO_ZERO_DATE,ERROR_FOR_DIVISION_BY_ZERO,NO_ENGINE_SUBSTITUTION' */ ;
DELIMITER ;;
CREATE DEFINER=`root`@`localhost` PROCEDURE `leavesGetApprovedCount`(IN in_employeeID int)
BEGIN
SELECT COUNT(*) AS count FROM leaves WHERE employeeID = in_employeeID AND status = 'Approved';
END ;;
DELIMITER ;
/*!50003 SET sql_mode              = @saved_sql_mode */ ;
/*!50003 SET character_set_client  = @saved_cs_client */ ;
/*!50003 SET character_set_results = @saved_cs_results */ ;
/*!50003 SET collation_connection  = @saved_col_connection */ ;
/*!50003 DROP PROCEDURE IF EXISTS `leavesGetByID` */;
/*!50003 SET @saved_cs_client      = @@character_set_client */ ;
/*!50003 SET @saved_cs_results     = @@character_set_results */ ;
/*!50003 SET @saved_col_connection = @@collation_connection */ ;
/*!50003 SET character_set_client  = utf8mb4 */ ;
/*!50003 SET character_set_results = utf8mb4 */ ;
/*!50003 SET collation_connection  = utf8mb4_0900_ai_ci */ ;
/*!50003 SET @saved_sql_mode       = @@sql_mode */ ;
/*!50003 SET sql_mode              = 'ONLY_FULL_GROUP_BY,STRICT_TRANS_TABLES,NO_ZERO_IN_DATE,NO_ZERO_DATE,ERROR_FOR_DIVISION_BY_ZERO,NO_ENGINE_SUBSTITUTION' */ ;
DELIMITER ;;
CREATE DEFINER=`root`@`localhost` PROCEDURE `leavesGetByID`(
IN in_employeeID int)
BEGIN
SELECT l.leaveID, l.employeeID, lt.leaveTypeName, l.startDate, l.endDate, l.status, l.submittedDate, l.processedDate, l.remarks
FROM leaves l JOIN leaveType lt ON l.leaveTypeID = lt.leaveTypeID WHERE employeeID = in_employeeID ORDER BY l.leaveID DESC;

END ;;
DELIMITER ;
/*!50003 SET sql_mode              = @saved_sql_mode */ ;
/*!50003 SET character_set_client  = @saved_cs_client */ ;
/*!50003 SET character_set_results = @saved_cs_results */ ;
/*!50003 SET collation_connection  = @saved_col_connection */ ;
/*!50003 DROP PROCEDURE IF EXISTS `leavesGetDeniedCount` */;
/*!50003 SET @saved_cs_client      = @@character_set_client */ ;
/*!50003 SET @saved_cs_results     = @@character_set_results */ ;
/*!50003 SET @saved_col_connection = @@collation_connection */ ;
/*!50003 SET character_set_client  = utf8mb4 */ ;
/*!50003 SET character_set_results = utf8mb4 */ ;
/*!50003 SET collation_connection  = utf8mb4_0900_ai_ci */ ;
/*!50003 SET @saved_sql_mode       = @@sql_mode */ ;
/*!50003 SET sql_mode              = 'ONLY_FULL_GROUP_BY,STRICT_TRANS_TABLES,NO_ZERO_IN_DATE,NO_ZERO_DATE,ERROR_FOR_DIVISION_BY_ZERO,NO_ENGINE_SUBSTITUTION' */ ;
DELIMITER ;;
CREATE DEFINER=`root`@`localhost` PROCEDURE `leavesGetDeniedCount`(IN in_employeeID int)
BEGIN
SELECT COUNT(*) AS count FROM leaves WHERE employeeID = in_employeeID AND status = 'Denied';
END ;;
DELIMITER ;
/*!50003 SET sql_mode              = @saved_sql_mode */ ;
/*!50003 SET character_set_client  = @saved_cs_client */ ;
/*!50003 SET character_set_results = @saved_cs_results */ ;
/*!50003 SET collation_connection  = @saved_col_connection */ ;
/*!50003 DROP PROCEDURE IF EXISTS `leavesGetPendingCount` */;
/*!50003 SET @saved_cs_client      = @@character_set_client */ ;
/*!50003 SET @saved_cs_results     = @@character_set_results */ ;
/*!50003 SET @saved_col_connection = @@collation_connection */ ;
/*!50003 SET character_set_client  = utf8mb4 */ ;
/*!50003 SET character_set_results = utf8mb4 */ ;
/*!50003 SET collation_connection  = utf8mb4_0900_ai_ci */ ;
/*!50003 SET @saved_sql_mode       = @@sql_mode */ ;
/*!50003 SET sql_mode              = 'ONLY_FULL_GROUP_BY,STRICT_TRANS_TABLES,NO_ZERO_IN_DATE,NO_ZERO_DATE,ERROR_FOR_DIVISION_BY_ZERO,NO_ENGINE_SUBSTITUTION' */ ;
DELIMITER ;;
CREATE DEFINER=`root`@`localhost` PROCEDURE `leavesGetPendingCount`(IN in_employeeID int)
BEGIN
SELECT COUNT(*) AS count FROM leaves WHERE employeeID = in_employeeID AND status = 'Pending';
END ;;
DELIMITER ;
/*!50003 SET sql_mode              = @saved_sql_mode */ ;
/*!50003 SET character_set_client  = @saved_cs_client */ ;
/*!50003 SET character_set_results = @saved_cs_results */ ;
/*!50003 SET collation_connection  = @saved_col_connection */ ;
/*!50003 DROP PROCEDURE IF EXISTS `leavesHasOverlap` */;
/*!50003 SET @saved_cs_client      = @@character_set_client */ ;
/*!50003 SET @saved_cs_results     = @@character_set_results */ ;
/*!50003 SET @saved_col_connection = @@collation_connection */ ;
/*!50003 SET character_set_client  = utf8mb4 */ ;
/*!50003 SET character_set_results = utf8mb4 */ ;
/*!50003 SET collation_connection  = utf8mb4_0900_ai_ci */ ;
/*!50003 SET @saved_sql_mode       = @@sql_mode */ ;
/*!50003 SET sql_mode              = 'ONLY_FULL_GROUP_BY,STRICT_TRANS_TABLES,NO_ZERO_IN_DATE,NO_ZERO_DATE,ERROR_FOR_DIVISION_BY_ZERO,NO_ENGINE_SUBSTITUTION' */ ;
DELIMITER ;;
CREATE DEFINER=`root`@`localhost` PROCEDURE `leavesHasOverlap`(in_employeeID int, in_startDate date, in_endDate date)
BEGIN
SELECT 1 FROM leaves WHERE employeeID = in_employeeID AND status = 'Approved' AND startDate <= in_endDate AND endDate >= in_startDate;

END ;;
DELIMITER ;
/*!50003 SET sql_mode              = @saved_sql_mode */ ;
/*!50003 SET character_set_client  = @saved_cs_client */ ;
/*!50003 SET character_set_results = @saved_cs_results */ ;
/*!50003 SET collation_connection  = @saved_col_connection */ ;
/*!50003 DROP PROCEDURE IF EXISTS `leavesInsert` */;
/*!50003 SET @saved_cs_client      = @@character_set_client */ ;
/*!50003 SET @saved_cs_results     = @@character_set_results */ ;
/*!50003 SET @saved_col_connection = @@collation_connection */ ;
/*!50003 SET character_set_client  = utf8mb4 */ ;
/*!50003 SET character_set_results = utf8mb4 */ ;
/*!50003 SET collation_connection  = utf8mb4_0900_ai_ci */ ;
/*!50003 SET @saved_sql_mode       = @@sql_mode */ ;
/*!50003 SET sql_mode              = 'ONLY_FULL_GROUP_BY,STRICT_TRANS_TABLES,NO_ZERO_IN_DATE,NO_ZERO_DATE,ERROR_FOR_DIVISION_BY_ZERO,NO_ENGINE_SUBSTITUTION' */ ;
DELIMITER ;;
CREATE DEFINER=`root`@`localhost` PROCEDURE `leavesInsert`(
IN in_employeeID int,
IN in_leaveTypeID int,
IN in_startDate date,
IN in_endDate date,
IN in_status enum('Pending', 'Approved', 'Denied'),
IN in_submittedDate datetime,
IN in_remarks varchar(255))
BEGIN
INSERT INTO leaves (employeeID, leaveTypeID, startDate, endDate, status, submittedDate, remarks) VALUES 
(in_employeeID, in_leaveTypeID, in_startDate, in_endDate, in_status, in_submittedDate, in_remarks);

END ;;
DELIMITER ;
/*!50003 SET sql_mode              = @saved_sql_mode */ ;
/*!50003 SET character_set_client  = @saved_cs_client */ ;
/*!50003 SET character_set_results = @saved_cs_results */ ;
/*!50003 SET collation_connection  = @saved_col_connection */ ;
/*!50003 DROP PROCEDURE IF EXISTS `leavesUpdateStatus` */;
/*!50003 SET @saved_cs_client      = @@character_set_client */ ;
/*!50003 SET @saved_cs_results     = @@character_set_results */ ;
/*!50003 SET @saved_col_connection = @@collation_connection */ ;
/*!50003 SET character_set_client  = utf8mb4 */ ;
/*!50003 SET character_set_results = utf8mb4 */ ;
/*!50003 SET collation_connection  = utf8mb4_0900_ai_ci */ ;
/*!50003 SET @saved_sql_mode       = @@sql_mode */ ;
/*!50003 SET sql_mode              = 'ONLY_FULL_GROUP_BY,STRICT_TRANS_TABLES,NO_ZERO_IN_DATE,NO_ZERO_DATE,ERROR_FOR_DIVISION_BY_ZERO,NO_ENGINE_SUBSTITUTION' */ ;
DELIMITER ;;
CREATE DEFINER=`root`@`localhost` PROCEDURE `leavesUpdateStatus`(
IN in_status enum ('Pending', 'Approved', 'Denied'),
IN in_processedDate datetime,
IN in_leaveID int)
BEGIN
UPDATE leaves SET status = in_status, processedDate = in_processedDate WHERE leaveID = in_leaveID;

END ;;
DELIMITER ;
/*!50003 SET sql_mode              = @saved_sql_mode */ ;
/*!50003 SET character_set_client  = @saved_cs_client */ ;
/*!50003 SET character_set_results = @saved_cs_results */ ;
/*!50003 SET collation_connection  = @saved_col_connection */ ;
/*!50003 DROP PROCEDURE IF EXISTS `leavetypeGetIdByName` */;
/*!50003 SET @saved_cs_client      = @@character_set_client */ ;
/*!50003 SET @saved_cs_results     = @@character_set_results */ ;
/*!50003 SET @saved_col_connection = @@collation_connection */ ;
/*!50003 SET character_set_client  = utf8mb4 */ ;
/*!50003 SET character_set_results = utf8mb4 */ ;
/*!50003 SET collation_connection  = utf8mb4_0900_ai_ci */ ;
/*!50003 SET @saved_sql_mode       = @@sql_mode */ ;
/*!50003 SET sql_mode              = 'ONLY_FULL_GROUP_BY,STRICT_TRANS_TABLES,NO_ZERO_IN_DATE,NO_ZERO_DATE,ERROR_FOR_DIVISION_BY_ZERO,NO_ENGINE_SUBSTITUTION' */ ;
DELIMITER ;;
CREATE DEFINER=`root`@`localhost` PROCEDURE `leavetypeGetIdByName`(
IN in_leaveTypeName varchar(50))
BEGIN
SELECT leaveTypeID FROM leavetype WHERE leaveTypeName = in_leaveTypeName;

END ;;
DELIMITER ;
/*!50003 SET sql_mode              = @saved_sql_mode */ ;
/*!50003 SET character_set_client  = @saved_cs_client */ ;
/*!50003 SET character_set_results = @saved_cs_results */ ;
/*!50003 SET collation_connection  = @saved_col_connection */ ;
/*!50003 DROP PROCEDURE IF EXISTS `matrixGetPagibig` */;
/*!50003 SET @saved_cs_client      = @@character_set_client */ ;
/*!50003 SET @saved_cs_results     = @@character_set_results */ ;
/*!50003 SET @saved_col_connection = @@collation_connection */ ;
/*!50003 SET character_set_client  = utf8mb4 */ ;
/*!50003 SET character_set_results = utf8mb4 */ ;
/*!50003 SET collation_connection  = utf8mb4_0900_ai_ci */ ;
/*!50003 SET @saved_sql_mode       = @@sql_mode */ ;
/*!50003 SET sql_mode              = 'ONLY_FULL_GROUP_BY,STRICT_TRANS_TABLES,NO_ZERO_IN_DATE,NO_ZERO_DATE,ERROR_FOR_DIVISION_BY_ZERO,NO_ENGINE_SUBSTITUTION' */ ;
DELIMITER ;;
CREATE DEFINER=`root`@`localhost` PROCEDURE `matrixGetPagibig`()
BEGIN
SELECT minSalary, maxSalary, employeeRate, maxContribution FROM pagibigmatrix ORDER BY pagibigMatrixID ASC;

END ;;
DELIMITER ;
/*!50003 SET sql_mode              = @saved_sql_mode */ ;
/*!50003 SET character_set_client  = @saved_cs_client */ ;
/*!50003 SET character_set_results = @saved_cs_results */ ;
/*!50003 SET collation_connection  = @saved_col_connection */ ;
/*!50003 DROP PROCEDURE IF EXISTS `matrixGetPhilhealth` */;
/*!50003 SET @saved_cs_client      = @@character_set_client */ ;
/*!50003 SET @saved_cs_results     = @@character_set_results */ ;
/*!50003 SET @saved_col_connection = @@collation_connection */ ;
/*!50003 SET character_set_client  = utf8mb4 */ ;
/*!50003 SET character_set_results = utf8mb4 */ ;
/*!50003 SET collation_connection  = utf8mb4_0900_ai_ci */ ;
/*!50003 SET @saved_sql_mode       = @@sql_mode */ ;
/*!50003 SET sql_mode              = 'ONLY_FULL_GROUP_BY,STRICT_TRANS_TABLES,NO_ZERO_IN_DATE,NO_ZERO_DATE,ERROR_FOR_DIVISION_BY_ZERO,NO_ENGINE_SUBSTITUTION' */ ;
DELIMITER ;;
CREATE DEFINER=`root`@`localhost` PROCEDURE `matrixGetPhilhealth`()
BEGIN
SELECT minSalary, maxSalary, premiumRate, maxContribution, employeeShareRate FROM philhealthmatrix ORDER BY philhealthMatrixID ASC;

END ;;
DELIMITER ;
/*!50003 SET sql_mode              = @saved_sql_mode */ ;
/*!50003 SET character_set_client  = @saved_cs_client */ ;
/*!50003 SET character_set_results = @saved_cs_results */ ;
/*!50003 SET collation_connection  = @saved_col_connection */ ;
/*!50003 DROP PROCEDURE IF EXISTS `matrixGetSSS` */;
/*!50003 SET @saved_cs_client      = @@character_set_client */ ;
/*!50003 SET @saved_cs_results     = @@character_set_results */ ;
/*!50003 SET @saved_col_connection = @@collation_connection */ ;
/*!50003 SET character_set_client  = utf8mb4 */ ;
/*!50003 SET character_set_results = utf8mb4 */ ;
/*!50003 SET collation_connection  = utf8mb4_0900_ai_ci */ ;
/*!50003 SET @saved_sql_mode       = @@sql_mode */ ;
/*!50003 SET sql_mode              = 'ONLY_FULL_GROUP_BY,STRICT_TRANS_TABLES,NO_ZERO_IN_DATE,NO_ZERO_DATE,ERROR_FOR_DIVISION_BY_ZERO,NO_ENGINE_SUBSTITUTION' */ ;
DELIMITER ;;
CREATE DEFINER=`root`@`localhost` PROCEDURE `matrixGetSSS`()
BEGIN
SELECT minSalary, maxSalary, contribution FROM sssmatrix ORDER BY sssMatrixID ASC;

END ;;
DELIMITER ;
/*!50003 SET sql_mode              = @saved_sql_mode */ ;
/*!50003 SET character_set_client  = @saved_cs_client */ ;
/*!50003 SET character_set_results = @saved_cs_results */ ;
/*!50003 SET collation_connection  = @saved_col_connection */ ;
/*!50003 DROP PROCEDURE IF EXISTS `matrixGetTax` */;
/*!50003 SET @saved_cs_client      = @@character_set_client */ ;
/*!50003 SET @saved_cs_results     = @@character_set_results */ ;
/*!50003 SET @saved_col_connection = @@collation_connection */ ;
/*!50003 SET character_set_client  = utf8mb4 */ ;
/*!50003 SET character_set_results = utf8mb4 */ ;
/*!50003 SET collation_connection  = utf8mb4_0900_ai_ci */ ;
/*!50003 SET @saved_sql_mode       = @@sql_mode */ ;
/*!50003 SET sql_mode              = 'ONLY_FULL_GROUP_BY,STRICT_TRANS_TABLES,NO_ZERO_IN_DATE,NO_ZERO_DATE,ERROR_FOR_DIVISION_BY_ZERO,NO_ENGINE_SUBSTITUTION' */ ;
DELIMITER ;;
CREATE DEFINER=`root`@`localhost` PROCEDURE `matrixGetTax`()
BEGIN
SELECT minSalary, maxSalary, baseTax, excessRate, excessBase FROM taxmatrix ORDER BY taxMatrixID ASC;

END ;;
DELIMITER ;
/*!50003 SET sql_mode              = @saved_sql_mode */ ;
/*!50003 SET character_set_client  = @saved_cs_client */ ;
/*!50003 SET character_set_results = @saved_cs_results */ ;
/*!50003 SET collation_connection  = @saved_col_connection */ ;
/*!50003 DROP PROCEDURE IF EXISTS `positionGetID` */;
/*!50003 SET @saved_cs_client      = @@character_set_client */ ;
/*!50003 SET @saved_cs_results     = @@character_set_results */ ;
/*!50003 SET @saved_col_connection = @@collation_connection */ ;
/*!50003 SET character_set_client  = utf8mb4 */ ;
/*!50003 SET character_set_results = utf8mb4 */ ;
/*!50003 SET collation_connection  = utf8mb4_0900_ai_ci */ ;
/*!50003 SET @saved_sql_mode       = @@sql_mode */ ;
/*!50003 SET sql_mode              = 'ONLY_FULL_GROUP_BY,STRICT_TRANS_TABLES,NO_ZERO_IN_DATE,NO_ZERO_DATE,ERROR_FOR_DIVISION_BY_ZERO,NO_ENGINE_SUBSTITUTION' */ ;
DELIMITER ;;
CREATE DEFINER=`root`@`localhost` PROCEDURE `positionGetID`(
IN in_positionName varchar(100))
BEGIN
SELECT positionID FROM position WHERE positionName = in_positionName;

END ;;
DELIMITER ;
/*!50003 SET sql_mode              = @saved_sql_mode */ ;
/*!50003 SET character_set_client  = @saved_cs_client */ ;
/*!50003 SET character_set_results = @saved_cs_results */ ;
/*!50003 SET collation_connection  = @saved_col_connection */ ;
/*!50003 DROP PROCEDURE IF EXISTS `rolesGetID` */;
/*!50003 SET @saved_cs_client      = @@character_set_client */ ;
/*!50003 SET @saved_cs_results     = @@character_set_results */ ;
/*!50003 SET @saved_col_connection = @@collation_connection */ ;
/*!50003 SET character_set_client  = utf8mb4 */ ;
/*!50003 SET character_set_results = utf8mb4 */ ;
/*!50003 SET collation_connection  = utf8mb4_0900_ai_ci */ ;
/*!50003 SET @saved_sql_mode       = @@sql_mode */ ;
/*!50003 SET sql_mode              = 'ONLY_FULL_GROUP_BY,STRICT_TRANS_TABLES,NO_ZERO_IN_DATE,NO_ZERO_DATE,ERROR_FOR_DIVISION_BY_ZERO,NO_ENGINE_SUBSTITUTION' */ ;
DELIMITER ;;
CREATE DEFINER=`root`@`localhost` PROCEDURE `rolesGetID`(
IN in_roleName varchar(40))
BEGIN
SELECT roleID FROM roles WHERE roleName = in_roleName;


END ;;
DELIMITER ;
/*!50003 SET sql_mode              = @saved_sql_mode */ ;
/*!50003 SET character_set_client  = @saved_cs_client */ ;
/*!50003 SET character_set_results = @saved_cs_results */ ;
/*!50003 SET collation_connection  = @saved_col_connection */ ;
/*!50003 DROP PROCEDURE IF EXISTS `salaryInsert` */;
/*!50003 SET @saved_cs_client      = @@character_set_client */ ;
/*!50003 SET @saved_cs_results     = @@character_set_results */ ;
/*!50003 SET @saved_col_connection = @@collation_connection */ ;
/*!50003 SET character_set_client  = utf8mb4 */ ;
/*!50003 SET character_set_results = utf8mb4 */ ;
/*!50003 SET collation_connection  = utf8mb4_0900_ai_ci */ ;
/*!50003 SET @saved_sql_mode       = @@sql_mode */ ;
/*!50003 SET sql_mode              = 'ONLY_FULL_GROUP_BY,STRICT_TRANS_TABLES,NO_ZERO_IN_DATE,NO_ZERO_DATE,ERROR_FOR_DIVISION_BY_ZERO,NO_ENGINE_SUBSTITUTION' */ ;
DELIMITER ;;
CREATE DEFINER=`root`@`localhost` PROCEDURE `salaryInsert`(
IN in_employeeID int,
IN in_basicSalary decimal(10,2),
IN in_grossSemiMonthlyRate decimal(10,2),
IN in_hourlyRate decimal(10,2))
BEGIN
INSERT INTO salary (employeeID, basicSalary, grossSemiMonthlyRate, hourlyRate) VALUES 
(in_employeeID, in_basicSalary, in_grossSemiMonthlyRate, in_hourlyRate);

 
END ;;
DELIMITER ;
/*!50003 SET sql_mode              = @saved_sql_mode */ ;
/*!50003 SET character_set_client  = @saved_cs_client */ ;
/*!50003 SET character_set_results = @saved_cs_results */ ;
/*!50003 SET collation_connection  = @saved_col_connection */ ;
/*!50003 DROP PROCEDURE IF EXISTS `salaryUpdate` */;
/*!50003 SET @saved_cs_client      = @@character_set_client */ ;
/*!50003 SET @saved_cs_results     = @@character_set_results */ ;
/*!50003 SET @saved_col_connection = @@collation_connection */ ;
/*!50003 SET character_set_client  = utf8mb4 */ ;
/*!50003 SET character_set_results = utf8mb4 */ ;
/*!50003 SET collation_connection  = utf8mb4_0900_ai_ci */ ;
/*!50003 SET @saved_sql_mode       = @@sql_mode */ ;
/*!50003 SET sql_mode              = 'ONLY_FULL_GROUP_BY,STRICT_TRANS_TABLES,NO_ZERO_IN_DATE,NO_ZERO_DATE,ERROR_FOR_DIVISION_BY_ZERO,NO_ENGINE_SUBSTITUTION' */ ;
DELIMITER ;;
CREATE DEFINER=`root`@`localhost` PROCEDURE `salaryUpdate`(
IN in_basicSalary decimal(10,2),
IN in_grossSemiMonthlyRate decimal(10,2),
IN in_hourlyRate decimal(10,2),
IN in_employeeID int)
BEGIN
UPDATE salary SET 
basicSalary = in_basicSalary,
grossSemiMonthlyRate = in_grossSemiMonthlyRate,
hourlyRate = in_hourlyRate 
WHERE employeeID = in_employeeID;


END ;;
DELIMITER ;
/*!50003 SET sql_mode              = @saved_sql_mode */ ;
/*!50003 SET character_set_client  = @saved_cs_client */ ;
/*!50003 SET character_set_results = @saved_cs_results */ ;
/*!50003 SET collation_connection  = @saved_col_connection */ ;
/*!50003 DROP PROCEDURE IF EXISTS `statusGetID` */;
/*!50003 SET @saved_cs_client      = @@character_set_client */ ;
/*!50003 SET @saved_cs_results     = @@character_set_results */ ;
/*!50003 SET @saved_col_connection = @@collation_connection */ ;
/*!50003 SET character_set_client  = utf8mb4 */ ;
/*!50003 SET character_set_results = utf8mb4 */ ;
/*!50003 SET collation_connection  = utf8mb4_0900_ai_ci */ ;
/*!50003 SET @saved_sql_mode       = @@sql_mode */ ;
/*!50003 SET sql_mode              = 'ONLY_FULL_GROUP_BY,STRICT_TRANS_TABLES,NO_ZERO_IN_DATE,NO_ZERO_DATE,ERROR_FOR_DIVISION_BY_ZERO,NO_ENGINE_SUBSTITUTION' */ ;
DELIMITER ;;
CREATE DEFINER=`root`@`localhost` PROCEDURE `statusGetID`(
IN in_statusName varchar(100))
BEGIN
SELECT statusID FROM status WHERE statusName = in_statusName;

END ;;
DELIMITER ;
/*!50003 SET sql_mode              = @saved_sql_mode */ ;
/*!50003 SET character_set_client  = @saved_cs_client */ ;
/*!50003 SET character_set_results = @saved_cs_results */ ;
/*!50003 SET collation_connection  = @saved_col_connection */ ;
/*!40103 SET TIME_ZONE=@OLD_TIME_ZONE */;

/*!40101 SET SQL_MODE=@OLD_SQL_MODE */;
/*!40014 SET FOREIGN_KEY_CHECKS=@OLD_FOREIGN_KEY_CHECKS */;
/*!40014 SET UNIQUE_CHECKS=@OLD_UNIQUE_CHECKS */;
/*!40101 SET CHARACTER_SET_CLIENT=@OLD_CHARACTER_SET_CLIENT */;
/*!40101 SET CHARACTER_SET_RESULTS=@OLD_CHARACTER_SET_RESULTS */;
/*!40101 SET COLLATION_CONNECTION=@OLD_COLLATION_CONNECTION */;
/*!40111 SET SQL_NOTES=@OLD_SQL_NOTES */;

-- Dump completed on 2025-06-15 15:57:09
